1,31,0,32,2.6890184727873834
31,32,1,62,2.729242969156741
1,32,31,2,2.1237158669982152
2,32,1,33,1.9201389568207579
32,33,2,63,2.285168195522564
2,33,32,3,3.065447349538632
3,33,2,34,2.8610731153966467
33,34,3,64,2.0482194390702313
3,34,33,4,2.6712222265022207
4,34,3,35,2.5555536068843843
34,35,4,65,1.7921961803508826
4,35,34,5,3.045738271299288
5,35,4,36,2.5799170748431264
35,36,5,66,2.7061223649956925
5,36,35,6,3.1256447635277302
6,36,5,37,3.027866231179774
36,37,6,67,2.588627415092493
6,37,36,7,2.784818317791435
7,37,6,38,1.8782899112643179
37,38,7,68,2.982068767355507
7,38,37,8,2.133838211389778
8,38,7,39,2.3081694961512818
38,39,8,69,2.1799072882505204
8,39,38,9,2.9054035206453213
9,39,8,40,2.75203250882643
39,40,9,70,2.9879459373037918
9,40,39,10,2.3072371062649544
10,40,9,41,2.6831654073587132
40,41,10,71,2.610800758870712
10,41,40,11,2.438898696933077
11,41,10,42,2.769087660203816
41,42,11,72,2.677930859994248
11,42,41,12,2.0256392062756396
12,42,11,43,2.118023873848288
42,43,12,73,2.444182017189102
12,43,42,13,2.724485209262955
13,43,12,44,2.238792305409625
43,44,13,74,2.68555130127158
13,44,43,14,1.8406304209537732
14,44,13,45,2.7393848119648725
44,45,14,75,2.9482616775404145
14,45,44,15,1.125137931417912
15,45,14,46,1.2708541974778433
45,46,15,76,1.1818861900753415
15,46,45,16,0.7834920223096977
16,46,15,47,2.358503558372673
46,47,16,77,2.4322951454128634
16,47,46,17,2.1287586646502588
17,47,16,48,1.547723605485651
47,48,17,78,1.9669175468285607
17,48,47,18,2.1687254331257044
18,48,17,49,1.4185584020420865
48,49,18,79,2.3719862852655025
18,49,48,19,2.855107025351057
19,49,18,50,2.4168593701194165
49,50,19,80,3.045434158300612
19,50,49,20,2.150116213840724
20,50,19,51,2.3736877393983495
50,51,20,81,2.2370872716687145
20,51,50,21,1.6996430823553548
21,51,20,52,3.1133304606264725
51,52,21,82,2.6572813526488264
21,52,51,22,0.13400103235713198
22,52,21,53,1.9569379006404248
52,53,22,83,2.7016612591849243
22,53,52,23,1.3103825710012962
23,53,22,54,2.814131328081912
53,54,23,84,2.7811564266497912
23,54,53,24,2.2726453288070823
24,54,23,55,2.422212543774757
54,55,24,85,2.378642654407475
24,55,54,25,3.11050198571572
25,55,24,56,0.28586026287188104
55,56,25,86,2.7429183978995697
25,56,55,26,1.4577675865781483
26,56,25,57,2.216342086708191
56,57,26,87,1.6127340453911723
26,57,56,27,2.4766909574609177
27,57,26,58,0.5908541560854379
57,58,27,88,2.0696315272817456
27,58,57,28,0.6416452118163939
28,58,27,59,2.777947470995145
58,59,28,89,0.8754488881520355
28,59,58,29,2.40134752407419
29,59,28,60,2.1433990364095745
59,60,29,90,0.4709038771533001
29,60,59,30,1.7641244394716062
30,60,29,61,1.5518425588385714
60,61,30,91,0.4314023687314282
32,62,31,63,3.0302479741201793
62,63,32,93,2.161245100243591
32,63,62,33,1.2785132118891254
33,63,32,64,2.5093449582003386
63,64,33,94,1.6773545971034471
33,64,63,34,2.774635557876122
34,64,33,65,2.9357967620814693
64,65,34,95,2.5488645945375055
34,65,64,35,2.890433077042168
35,65,34,66,2.3561904626040886
65,66,35,96,2.6136234326825116
35,66,65,36,2.359566336597131
36,66,35,67,2.860935192525854
66,67,36,97,2.6238014933160496
36,67,66,37,3.0027790190948114
37,67,36,68,2.8965851823309228
67,68,37,98,2.6560655086878366
37,68,67,38,2.753277137076076
38,68,37,69,2.754724551317734
68,69,38,99,2.3794812401227716
38,69,68,39,2.937497437997204
39,69,38,70,2.298765694318838
69,70,39,100,3.0754076430382096
39,70,69,40,2.09327410456189
40,70,39,71,2.619577186825232
70,71,40,101,2.7007567851088883
40,71,70,41,2.989072918667655
41,71,40,72,2.661841882721454
71,72,41,102,3.1365921791440594
41,72,71,42,2.3695667920044166
42,72,41,73,2.8281147925654344
72,73,42,103,2.8894743320991987
42,73,72,43,1.1400055048421927
43,73,42,74,2.60853989441052
73,74,43,104,2.7576211449846215
43,74,73,44,3.028894711214513
44,74,43,75,2.5393689322565103
74,75,44,105,2.9144505734847934
44,75,74,45,1.1463473073626518
45,75,44,76,1.8450562516284221
75,76,45,106,2.1516303452974666
45,76,75,46,2.90302130235032
46,76,45,77,2.00900482312926
76,77,46,107,3.014787544012032
46,77,76,47,0.6744801031021131
47,77,46,78,2.9486962941052948
77,78,47,108,3.001357199424953
47,78,77,48,1.086753945794387
48,78,47,79,2.269155105663988
78,79,48,109,2.536054875764963
48,79,78,49,3.132645801855234
49,79,48,80,2.90009888846086
79,80,49,110,2.9879684498337276
49,80,79,50,2.731625172907089
50,80,49,81,2.6939322304471793
80,81,50,111,2.9713558572404137
50,81,80,51,2.9648905869659172
51,81,50,82,1.607164142866846
81,82,51,112,3.041277783968073
51,82,81,52,2.627913625863042
52,82,51,83,3.063950281753029
82,83,52,113,2.4978593372116245
52,83,82,53,0.6274011277610204
53,83,52,84,2.4365464081675774
83,84,53,114,2.582044240828099
53,84,83,54,2.014495882524333
54,84,53,85,3.062315123165334
84,85,54,115,2.1213514184288282
54,85,84,55,2.681373328669086
55,85,54,86,0.27027224244312487
85,86,55,116,1.3788771757176557
55,86,85,56,2.766258659558188
56,86,55,87,1.2853032532204152
86,87,56,117,1.3238493807383787
56,87,86,57,2.961889927624341
57,87,56,88,0.4459827261794117
87,88,57,118,2.2110749123175117
57,88,87,58,1.6611014658866785
58,88,57,89,1.1510967623854487
88,89,58,119,0.7695554258512406
58,89,88,59,1.6552592856451096
59,89,58,90,2.0562085428005266
89,90,59,120,0.2107297746667497
59,90,89,60,2.3913844292462785
60,90,59,91,1.6323315942655319
90,91,60,121,0.4573756787789066
60,91,90,61,1.7699741169135526
61,91,60,92,2.2014177865181104
91,92,61,122,0.7550318604155336
63,93,62,94,0.8068008776106463
93,94,63,124,3.029926070394391
63,94,93,64,3.083188419610837
64,94,63,95,1.8862069469404175
94,95,64,125,3.0425454866902046
64,95,94,65,1.953020455131087
65,95,64,96,2.4417131861294683
95,96,65,126,2.6470509477583177
65,96,95,66,2.936996413338494
66,96,65,97,1.4883765793419628
96,97,66,127,2.2731927484939938
66,97,96,67,2.9852329490225347
67,97,66,98,2.940278341266229
97,98,67,128,2.055885612105485
67,98,97,68,3.0338190272622416
68,98,67,99,3.1302313401552406
98,99,68,129,2.4036879976290852
68,99,98,69,3.0244601296034044
69,99,68,100,2.806390331846311
99,100,69,130,2.925805541336588
69,100,99,70,2.5087992127201635
70,100,69,101,3.086296913946874
100,101,70,131,2.970328090883095
70,101,100,71,2.4900831902873803
71,101,70,102,2.996684801301935
101,102,71,132,2.9166815263737327
71,102,101,72,2.849927910603939
72,102,71,103,3.0876472364358793
102,103,72,133,3.082038072579447
72,103,102,73,2.627432499647798
73,103,72,104,2.877724368348261
103,104,73,134,2.807122603498209
73,104,103,74,1.323239353013108
74,104,73,105,2.887351195543175
104,105,74,135,2.9129249245416706
74,105,104,75,2.4295989438380676
75,105,74,106,2.8838194491807556
105,106,75,136,2.9049007055710567
75,106,105,76,2.119849271946756
76,106,75,107,2.669480691336446
106,107,76,137,2.611993076393681
76,107,106,77,2.245653231407899
77,107,76,108,2.9609262750425884
107,108,77,138,3.1350147529461534
77,108,107,78,0.9381571046242928
78,108,77,109,3.08242820111762
108,109,78,139,3.0996737411312862
78,109,108,79,1.7092188781776139
79,109,78,110,2.7343382388097863
109,110,79,140,2.828961114277792
79,110,109,80,2.6988300971392003
80,110,79,111,2.713175729842418
110,111,80,141,2.5838192668255657
80,111,110,81,2.719147335596551
81,111,80,112,1.9982365204327073
111,112,81,142,3.1315971683736725
81,112,111,82,3.0355865139314
82,112,81,113,2.1593699835313895
112,113,82,143,2.8666308906960216
82,113,112,83,2.893537655388204
83,113,82,114,2.3215809368505536
113,114,83,144,3.0676027371934795
83,114,113,84,0.5565332061135734
84,114,83,115,1.0932924841496294
114,115,84,145,1.5134142491572313
84,115,114,85,2.7710030308047187
85,115,84,116,2.61328422854188
115,116,85,146,0.9626286737854509
85,116,115,86,1.8438098630425388
86,116,85,117,1.3107909887541256
116,117,86,147,2.2277485432147306
86,117,116,87,2.79959927466973
87,117,86,118,2.3515182089133493
117,118,87,148,2.922306185254271
87,118,117,88,1.1429001978180833
88,118,87,119,2.5512813419450495
118,119,88,149,2.7032674668717838
88,119,118,89,2.716340191799793
89,119,88,120,1.5434266487063906
119,120,89,150,2.7711716900542736
89,120,119,90,2.831643001441593
90,120,89,121,1.8939688891028876
120,121,90,151,3.04453035629457
90,121,120,91,1.9507015618992443
91,121,90,122,2.8257530379874396
121,122,91,152,2.9126497338249395
91,122,121,92,1.378586187378898
92,122,91,123,2.3975991840771718
122,123,92,153,2.5037464137305347
94,124,93,125,2.1756516725950026
124,125,94,155,2.826489006719099
94,125,124,95,3.0007403147008724
95,125,94,126,3.087988181888534
125,126,95,156,3.0304633501114306
95,126,125,96,1.5282409674125725
96,126,95,127,3.103794875101742
126,127,96,157,3.1281745043881
96,127,126,97,1.9291381327358779
97,127,96,128,3.0342915683944933
127,128,97,158,3.014555446652657
97,128,127,98,3.0919954943348777
98,128,97,129,2.622500941436881
128,129,98,159,2.8751736317406524
98,129,128,99,2.7155839019964123
99,129,98,130,2.72718351394594
129,130,99,160,2.6299587288555983
99,130,129,100,2.7430481415576975
100,130,99,131,2.6714969368849695
130,131,100,161,2.3581911550825723
100,131,130,101,2.876657801744617
101,131,100,132,2.7336753601755115
131,132,101,162,2.690113790124016
101,132,131,102,2.8791264278564617
102,132,101,133,2.849175732836826
132,133,102,163,2.3657052531416305
102,133,132,103,2.6816394117810676
103,133,102,134,2.846531421404036
133,134,103,164,2.5334423916296753
103,134,133,104,3.020055662366392
104,134,103,135,2.6815634459342084
134,135,104,165,3.099651756931967
104,135,134,105,1.181852321284591
105,135,104,136,2.8972934339930614
135,136,105,166,2.9675497528200894
105,136,135,106,2.4384645255005206
106,136,105,137,2.5241734669607627
136,137,106,167,2.3437640864539957
106,137,136,107,2.875636606017607
107,137,106,138,2.4796321663489302
137,138,107,168,2.9884810094944187
107,138,137,108,1.669847365359358
108,138,107,139,3.1314668785375748
138,139,108,169,3.120451629441159
108,139,138,109,0.8902201913486247
109,139,108,140,3.0053582080251036
139,140,109,170,3.0309618986988065
109,140,139,110,2.0888199933368186
110,140,109,141,3.071694477790122
140,141,110,171,3.090309934367754
110,141,140,111,2.941369281592182
111,141,110,142,2.8375679508334013
141,142,111,172,3.0006383232662666
111,142,141,112,2.9288797100111457
112,142,111,143,1.7365656245514707
142,143,112,173,2.9744602628357084
112,143,142,113,2.9271558728552898
113,143,112,144,2.0581181130689155
143,144,113,174,2.61013390972495
113,144,143,114,3.0656914306069005
114,144,113,145,1.9204158263394762
144,145,114,175,2.761303790775855
114,145,144,115,2.4447711461628354
115,145,114,146,2.878028735397235
145,146,115,176,3.121233014604045
115,146,145,116,3.0286718964356183
116,146,115,147,2.7217332173376265
146,147,116,177,2.7578958808240968
116,147,146,117,2.13586434491331
117,147,116,148,2.9261789677418744
147,148,117,178,2.7744334466406153
117,148,147,118,2.744755398348381
118,148,117,149,2.7158452971211684
148,149,118,179,2.3129013289396703
118,149,148,119,1.846206457726101
119,149,118,150,0.5053778600477841
149,150,119,180,2.5547487115926457
119,150,149,120,2.890538980440443
120,150,119,151,2.3083207947205002
150,151,120,181,3.066436714027173
120,151,150,121,3.130432220704803
121,151,120,152,2.976322346928416
151,152,121,182,2.9693854685442047
121,152,151,122,2.2892079026376164
122,152,121,153,2.566705532196322
152,153,122,183,2.601558770105107
122,153,152,123,2.275967989104759
123,153,122,154,2.9749681404479342
153,154,123,184,2.884420241458014
125,155,124,156,2.7987610995483907
155,156,125,186,3.0207470567572754
125,156,155,126,2.7972753569569218
126,156,125,157,2.9566141755971027
156,157,126,187,2.79135046879679
126,157,156,127,1.6858041738740077
127,157,126,158,3.0067469488633316
157,158,127,188,3.014036006054337
127,158,157,128,2.0972021134513583
128,158,127,159,3.124179707170299
158,159,128,189,3.066311445269793
128,159,158,129,2.719947525314275
129,159,128,160,3.08752749896623
159,160,129,190,3.0682092253300457
129,160,159,130,2.9596794492617966
130,160,129,161,3.0674415560792507
160,161,130,191,2.9319303272552175
130,161,160,131,3.0037682631540177
131,161,130,162,3.076182786915569
161,162,131,192,3.0332433491800073
131,162,161,132,3.0638776160351853
132,162,131,163,2.973141001166712
162,163,132,193,3.0864293643401526
132,163,162,133,3.081198969243304
133,163,132,164,2.5889511481292673
163,164,133,194,2.9179766692526323
133,164,163,134,2.516749147145382
134,164,133,165,2.792834671809606
164,165,134,195,2.797044304475439
134,165,164,135,2.6947748717621067
135,165,134,166,3.059681179805754
165,166,135,196,2.988213892769463
135,166,165,136,1.4114809907646444
136,166,135,167,2.8422112846772865
166,167,136,197,2.94089111060241
136,167,166,137,3.058573118649097
137,167,136,168,2.8786656883451154
167,168,137,198,3.0357275020649563
137,168,167,138,2.743697425877336
138,168,137,169,2.915539601404346
168,169,138,199,2.9243849268475683
138,169,168,139,1.8352230628291317
139,169,138,170,3.132085285123483
169,170,139,200,3.0973433516778823
139,170,169,140,0.788441380095453
140,170,139,171,2.9873805203486485
170,171,140,201,3.000574268826328
140,171,170,141,2.247145965459962
141,171,140,172,3.107594953995692
171,172,141,202,3.1049694859480335
141,172,171,142,2.750736167557398
142,172,141,173,1.7510413227832813
172,173,142,203,2.584829054931788
142,173,172,143,2.9326088429260073
143,173,142,174,2.9343360691337703
173,174,143,204,2.8997620136084707
143,174,173,144,2.3477564576539867
144,174,143,175,3.119299667815504
174,175,144,205,3.1276390072485167
144,175,174,145,2.3513143036440747
145,175,144,176,2.3570673542965985
175,176,145,206,2.679454606029932
145,176,175,146,2.799012907263661
146,176,145,177,2.1324173199145235
176,177,146,207,2.930366024716757
146,177,176,147,2.819765913398006
147,177,146,178,2.348985428571869
177,178,147,208,2.9450720309297838
147,178,177,148,2.8298538973517227
148,178,147,179,2.904381849923925
178,179,148,209,3.0698946713357205
148,179,178,149,3.085443804750056
149,179,148,180,1.6706236896796458
179,180,149,210,3.100254432204435
149,180,179,150,2.882907403942036
150,180,149,181,3.0355047353790146
180,181,150,211,3.135141836428837
150,181,180,151,2.718979223638002
151,181,150,182,2.8390087843096015
181,182,151,212,2.761451805693587
151,182,181,152,3.033916985366432
152,182,151,183,3.131820921038066
182,183,152,213,2.5123228250909175
152,183,182,153,2.6725754578807783
153,183,152,184,1.9692091895330504
183,184,153,214,2.9103958875452562
153,184,183,154,2.9440483353817823
154,184,153,185,1.2707733277105735
184,185,154,215,2.3851551985753665
156,186,155,187,2.998098221965089
186,187,156,217,2.697492043946838
156,187,186,157,3.0268946068563896
157,187,156,188,2.68726088506289
187,188,157,218,2.5051147440507813
157,188,187,158,2.0999834307390444
158,188,157,189,2.8906089497521146
188,189,158,219,2.7749839591626184
158,189,188,159,2.2850493894285338
159,189,158,190,2.990881027321608
189,190,159,220,2.721069179226603
159,190,189,160,2.574308245183351
160,190,159,191,3.0218403550666424
190,191,160,221,2.927816158603186
160,191,190,161,3.0952468491431597
161,191,160,192,2.9339865676140113
191,192,161,222,3.130482720604043
161,192,191,162,2.902967626120835
162,192,161,193,3.079611351575286
192,193,162,223,2.9824985551454954
162,193,192,163,2.901536510843923
163,193,162,194,2.9728268970470446
193,194,163,224,2.949225847393717
163,194,193,164,2.8139664712663888
164,194,163,195,2.972274872910908
194,195,164,225,3.101999445077958
164,195,194,165,2.640513410048583
165,195,164,196,2.7752436057049223
195,196,165,226,2.759200590766701
165,196,195,166,2.4980323414394277
166,196,165,197,2.89973088238635
196,197,166,227,2.8634792767630697
166,197,196,167,1.371560112931243
167,197,166,198,3.0127298340791224
197,198,167,228,3.006771327058639
167,198,197,168,3.1285220910997076
168,198,167,199,2.9100528842328797
198,199,168,229,3.0175696029845613
168,199,198,169,3.066822700951448
169,199,168,200,2.8074615773001965
199,200,169,230,3.028401819957019
169,200,199,170,2.07523416878919
170,200,169,201,3.128094929553152
200,201,170,231,3.11676019891444
170,201,200,171,0.6709036323724445
171,201,170,202,2.966877952180955
201,202,171,232,2.9874480611745633
171,202,201,172,2.3468930447719765
172,202,171,203,2.336455986174537
202,203,172,233,2.6777080095463357
172,203,202,173,2.3993282811343497
173,203,172,204,2.9037446251983
203,204,173,234,2.7403077097391617
173,204,203,174,3.0340544392823214
174,204,173,205,2.8031053072144236
204,205,174,235,2.9342453937193813
174,205,204,175,2.0962777532255963
175,205,174,206,2.903607155688491
205,206,175,236,2.9664171031038222
175,206,205,176,1.9845108556890325
176,206,175,207,2.5113255894475364
206,207,176,237,2.474014225528039
176,207,206,177,3.0929276167040816
177,207,176,208,2.3380279669817203
207,208,177,238,2.906029107142704
177,208,207,178,2.8237864829662898
178,208,177,209,2.532938760771243
208,209,178,239,3.132710607444845
178,209,208,179,3.088347608694859
179,209,178,210,1.821289051443155
209,210,179,240,2.9482043991841484
179,210,209,180,3.096691489978521
180,210,179,211,3.087632369695344
210,211,180,241,3.1097211432547796
180,211,210,181,2.919916612151039
181,211,180,212,2.8993602140338735
211,212,181,242,3.110803784381429
181,212,211,182,3.1015851079898566
182,212,181,213,2.777505514724179
212,213,182,243,3.0343447413075575
182,213,212,183,2.9848777009563374
183,213,182,214,2.5809714982381835
213,214,183,244,3.043459282365503
183,214,213,184,3.115209284365022
184,214,183,215,2.3643642000360554
214,215,184,245,2.9195125775656763
184,215,214,185,2.3106999588348422
185,215,184,216,0.7269656917564458
215,216,185,246,2.0929559032252416
187,217,186,218,2.3956975604668562
217,218,187,248,1.8390417928201668
187,218,217,188,2.7906150910152876
188,218,187,219,2.3915046042315504
218,219,188,249,3.054028201378005
188,219,218,189,1.7763583591192833
189,219,188,220,2.2273886050950362
219,220,189,250,2.0514686481414928
189,220,219,190,3.0248101616144756
190,220,189,221,2.70915593024308
220,221,190,251,2.754492796905865
190,221,220,191,2.3580723942143496
191,221,190,222,3.061406739105483
221,222,191,252,2.6568912373983524
191,222,221,192,2.983767455432779
192,222,191,223,2.9639033760313134
222,223,192,253,2.391853472095366
192,223,222,193,3.0718671496460233
193,223,192,224,3.0223678014297652
223,224,193,254,2.450037441402736
193,224,223,194,2.9359130573894054
194,224,193,225,2.7603627664470816
224,225,194,255,2.7596095424081835
194,225,224,195,2.962480057750741
195,225,194,226,3.0135108129581223
225,226,195,256,2.8036012309946616
195,226,225,196,2.9851428229363406
196,226,195,227,2.7385307084859654
226,227,196,257,3.013379909416155
196,227,226,197,2.389070874648658
197,227,196,228,2.7346336893643466
227,228,197,258,2.699067132615411
197,228,227,198,1.7461244351501244
198,228,197,229,3.007887915947156
228,229,198,259,2.9081504144045494
198,229,228,199,2.895741376490022
199,229,198,230,3.1362797977603987
229,230,199,260,3.100971705563593
199,230,229,200,2.978027016191297
200,230,199,231,2.966386936362827
230,231,200,261,3.052671037243035
200,231,230,201,2.2076285246211267
201,231,200,232,3.1268051829972645
231,232,201,262,3.132873712603098
201,232,231,202,0.5572984447944
202,232,201,233,2.6953898881106975
232,233,202,263,2.69219173726086
202,233,232,203,2.1112688302622207
203,233,202,234,1.7647059908558125
233,234,203,264,2.5038241969285564
203,234,233,204,3.1062735611884196
204,234,203,235,3.0784036692149814
234,235,204,265,2.6590250964345628
204,235,234,205,3.0466357158291397
205,235,204,236,2.8284157059355874
235,236,205,266,2.912391100836119
205,236,235,206,2.4841000336422807
206,236,205,237,2.5384938039361784
236,237,206,267,2.0991187190974383
206,237,236,207,2.8267729109273114
207,237,206,238,2.654151257099784
237,238,207,268,2.43869148908957
207,238,237,208,2.2014655177672733
208,238,207,239,2.2297240895848636
238,239,208,269,3.0274964638502175
208,239,238,209,3.027573925676065
209,239,208,240,2.057606388970319
239,240,209,270,3.079177844385587
209,240,239,210,2.9384939801345107
210,240,209,241,2.9658738349786713
240,241,210,271,2.998721640783506
210,241,240,211,3.0250123006481258
211,241,210,242,2.8983703261520786
241,242,211,272,2.998526982532561
211,242,241,212,2.920702713968866
212,242,211,243,2.5774546329352352
242,243,212,273,2.8975875934542934
212,243,242,213,3.034985589698408
213,243,212,244,2.589943725970317
243,244,213,274,2.754362238497858
213,244,243,214,2.9879496875277107
214,244,213,245,2.8089064277617215
244,245,214,275,2.68543533497799
214,245,244,215,2.803520934185466
215,245,214,246,1.227257988869277
245,246,215,276,2.1668200813080825
215,246,245,216,2.3193597839897513
216,246,215,247,1.480860374456353
246,247,216,277,2.5332581392817373
218,248,217,249,1.8562072100178955
248,249,218,279,3.1095277454703423
218,249,248,219,1.5205358605517258
219,249,218,250,2.2739919983911596
249,250,219,280,2.461118948080783
219,250,249,220,2.9606955846281973
220,250,219,251,2.5520471951781327
250,251,220,281,2.242528922734598
220,251,250,221,2.572311072589862
221,251,220,252,2.0410842958998114
251,252,221,282,2.7248958861593184
221,252,251,222,3.1044464979193696
222,252,221,253,2.9432930847791785
252,253,222,283,2.949240564562207
222,253,252,223,3.030279973670926
223,253,222,254,3.1040259598012696
253,254,223,284,3.108050029738208
223,254,253,224,3.1256582686454086
224,254,223,255,3.082554392216275
254,255,224,285,3.078178236111587
224,255,254,225,3.028587703762477
225,255,224,256,2.95079716932517
255,256,225,286,3.1078490633237377
225,256,255,226,2.917431751870039
226,256,225,257,3.0367666492852536
256,257,226,287,3.130130491536168
226,257,256,227,3.0839023471986415
227,257,226,258,2.730730542717525
257,258,227,288,2.9395524899664145
227,258,257,228,2.9620329427962186
228,258,227,259,2.4172706002891062
258,259,228,289,3.0782636213390213
228,259,258,229,2.3356552830463975
229,259,228,260,2.863256139899387
259,260,229,290,2.901460579471455
229,260,259,230,2.69848006084708
230,260,229,261,2.7849981263745325
260,261,230,291,2.796525897354882
230,261,260,231,3.106147753471572
231,261,230,262,3.0169546967968017
261,262,231,292,3.0543372210211848
231,262,261,232,2.109680376484292
232,262,231,263,2.923461011533735
262,263,232,293,2.988854580445224
232,263,262,233,0.40198162034951923
233,263,232,264,1.9188244773752616
263,264,233,294,2.8024912839310443
233,264,263,234,2.0453198422353447
234,264,233,265,2.8562319769072926
264,265,234,295,3.048926549957118
234,265,264,235,2.95993820018223
235,265,234,266,3.0957172306011915
265,266,235,296,3.0911231811204924
235,266,265,236,2.982188150886131
236,266,235,267,2.5613270425108285
266,267,236,297,2.890508506187621
236,267,266,237,2.9944075188856036
237,267,236,268,3.135721194685658
267,268,237,298,2.6444473533620765
237,268,267,238,3.075003146376173
238,268,237,269,1.6355478694039227
268,269,238,299,2.625270540162954
238,269,268,239,2.5249122726474407
239,269,238,270,1.8056599142889915
269,270,239,300,2.8774983082101087
239,270,269,240,3.076232279589365
240,270,239,271,3.032404913511723
270,271,240,301,2.900816222133035
240,271,270,241,2.7376845868650275
241,271,240,272,2.8987521565620336
271,272,241,302,2.7821149560672636
241,272,271,242,3.026224209540939
242,272,241,273,2.0303571091428916
272,273,242,303,2.5158427329856514
242,273,272,243,2.970782276932675
243,273,242,274,2.377664803011849
273,274,243,304,2.2579805281027294
243,274,273,244,2.872626421862491
244,274,243,275,2.7107747985973685
274,275,244,305,2.423057270710979
244,275,274,245,2.9198116888754098
245,275,244,276,2.730247194596327
275,276,245,306,2.7018138510648577
245,276,275,246,1.9455767941607487
246,276,245,277,2.2078729541258477
276,277,246,307,2.2175076925434065
246,277,276,247,3.090377754830458
247,277,246,278,1.013247534776577
277,278,247,308,2.2122855043833902
249,279,248,280,2.9008483212916945
279,280,249,310,2.594526573646004
249,280,279,250,2.2617876581843652
250,280,249,281,2.203166899288265
280,281,250,311,2.8529689441087562
250,281,280,251,2.646274716890892
251,281,250,282,2.7897779524108675
281,282,251,312,2.6582938925220536
251,282,281,252,3.081128310970983
252,282,251,283,3.019722047480415
282,283,252,313,2.8187187748383398
252,283,282,253,2.9541287616361407
253,283,252,284,2.953090093555144
283,284,253,314,3.016146211896566
253,284,283,254,3.0933559640339854
254,284,253,285,2.9454467590143976
284,285,254,315,3.0400076760294055
254,285,284,255,3.058992679869131
255,285,254,286,2.9923747749295915
285,286,255,316,3.0952397917266103
255,286,285,256,3.0579547125028985
256,286,255,287,2.975219818199734
286,287,256,317,2.9778875431892895
256,287,286,257,2.9610997146766165
257,287,256,288,2.999321872148937
287,288,257,318,2.827514887847267
257,288,287,258,3.010763614114545
258,288,257,289,2.6221816131205595
288,289,258,319,3.051099370818657
258,289,288,259,3.1144013229607506
259,289,258,290,3.1265963242559573
289,290,259,320,3.058172949130759
259,290,289,260,2.5196369296089514
260,290,259,291,2.9403748462831705
290,291,260,321,2.9330728595022384
260,291,290,261,2.8036148676415378
261,291,260,292,2.8984361871435653
291,292,261,322,2.8695415884989957
261,292,291,262,2.920557668102126
262,292,261,293,3.0470537140878124
292,293,262,323,3.0077424751199473
262,293,292,263,2.020800511418976
263,293,262,294,2.5871001883342433
293,294,263,324,2.598426658305172
263,294,293,264,0.8593509303559878
264,294,263,295,2.552072390954383
294,295,264,325,2.5845387372652127
264,295,294,265,2.2522698142834687
265,295,264,296,2.8926718517615337
295,296,265,326,2.9501544148254695
265,296,295,266,2.81609052824718
266,296,265,297,2.838467394672413
296,297,266,327,2.9352840642559426
266,297,296,267,2.7896378191105184
267,297,266,298,2.7887710022226493
297,298,267,328,2.6208389402248495
267,298,297,268,3.0360682626808293
268,298,267,299,2.952226504570329
298,299,268,329,2.3335282591216795
268,299,298,269,2.3193701671887097
269,299,268,300,1.542297131406499
299,300,269,330,2.911979653036757
269,300,299,270,2.664344749102807
270,300,269,301,3.0650692025794815
300,301,270,331,2.807619798798888
270,301,300,271,3.0540066902134027
271,301,270,302,2.055370712117494
301,302,271,332,2.5291085719948794
271,302,301,272,2.945382811145255
272,302,271,303,1.5681968608333934
302,303,272,333,2.3582863082694687
272,303,302,273,2.609380099153328
273,303,272,304,1.9441008298468296
303,304,273,334,2.9523834880678
273,304,303,274,2.5625842193037345
274,304,273,305,2.9496660216021597
304,305,274,335,2.8256660652840857
274,305,304,275,3.065892148166915
275,305,274,306,3.129349038979419
305,306,275,336,2.856281173181913
275,306,305,276,3.0657650685843882
276,306,275,307,3.031923076917449
306,307,276,337,3.0658892305409218
276,307,306,277,2.4607493324919583
277,307,276,308,3.109723647685219
307,308,277,338,3.1365405303814535
277,308,307,278,1.7451299140866412
278,308,277,309,2.6447746658664704
308,309,278,339,2.7570041786210995
280,310,279,311,1.9516584976839026
310,311,280,341,2.7354316289807845
280,311,310,281,2.4000148445433784
281,311,280,312,3.074858748619809
311,312,281,342,2.934683841751863
281,312,311,282,2.8424199380999373
282,312,281,313,3.0349693309582677
312,313,282,343,2.9682320783077807
282,313,312,283,3.0401517773468596
283,313,282,314,3.049146999828864
313,314,283,344,2.8509012057964704
283,314,313,284,3.1282075808963046
284,314,283,315,2.9796801064987726
314,315,284,345,2.9978762154640015
284,315,314,285,3.1177941396730673
285,315,284,316,3.0707914889185144
315,316,285,346,3.0895118986087957
285,316,315,286,3.1139430482459076
286,316,285,317,2.678583218519433
316,317,286,347,3.0827592186615504
286,317,316,287,3.014648681985691
287,317,286,318,3.070343009437583
317,318,287,348,3.0171934842882
287,318,317,288,3.111919344266611
288,318,287,319,3.087099040259212
318,319,288,349,3.1319602138483513
288,319,318,289,2.862079320766406
289,319,288,320,3.1350878268683053
319,320,289,350,2.9989011793178597
289,320,319,290,3.1072948519100803
290,320,289,321,2.923377394346096
320,321,290,351,3.0938180564989812
290,321,320,291,2.8151315299890207
291,321,290,322,2.994733780037956
321,322,291,352,2.9666269796385434
291,322,321,292,2.8676923516980177
292,322,291,323,2.8459915226301007
322,323,292,353,2.784167578284221
292,323,322,293,2.7797693128707572
293,323,292,324,2.7003803754926294
323,324,293,354,2.299933043134791
293,324,323,294,2.7048682358232528
294,324,293,325,2.267181256141318
324,325,294,355,2.8757873748557143
294,325,324,295,1.8446812568979412
295,325,294,326,1.9641485464125996
325,326,295,356,1.745440032909616
295,326,325,296,2.8639293411292415
296,326,295,327,2.284295306307719
326,327,296,357,2.820930091534602
296,327,326,297,3.0778984366611715
297,327,296,328,3.04283988669311
327,328,297,358,2.7832944057781455
297,328,327,298,3.1027623121674726
298,328,297,329,2.926570681853822
328,329,298,359,3.0942805034582572
298,329,328,299,2.955522113836158
299,329,298,330,1.0774499329281038
329,330,299,360,2.601307761733965
299,330,329,300,2.4770043253151908
300,330,299,331,2.424922435034875
330,331,300,361,2.8848297758375594
300,331,330,301,3.0586875233748896
301,331,300,332,1.5534407183681957
331,332,301,362,2.662136157866593
301,332,331,302,2.5853419082452818
302,332,301,333,1.0622237234844536
332,333,302,363,2.8910931281080643
302,333,332,303,2.328389019257634
303,333,302,334,2.8476415570965936
333,334,303,364,2.602859855535559
303,334,333,304,2.9476017937169394
304,334,303,335,2.628495329243172
334,335,304,365,3.043330268330122
304,335,334,305,3.0561146304127926
305,335,304,336,3.0868579046315796
335,336,305,366,3.109975403350967
305,336,335,306,3.0356699829952465
306,336,305,337,2.9543437217343085
336,337,306,367,2.9734509890410457
306,337,336,307,3.007772559735002
307,337,306,338,3.068065771304635
337,338,307,368,2.8057311146846993
307,338,337,308,2.534836110978198
308,338,307,339,3.03897207844063
338,339,308,369,2.762126514700196
308,339,338,309,2.1607868592825605
309,339,308,340,2.0002852783096765
339,340,309,370,2.366634315668479
311,341,310,342,2.253238059313091
341,342,311,372,2.8578433779533245
311,342,341,312,2.962713126864199
312,342,311,343,2.7103162612192544
342,343,312,373,3.0595324074542765
312,343,342,313,3.0625208255520175
313,343,312,344,3.0671553478658637
343,344,313,374,3.092946001691775
313,344,343,314,3.1250041360156398
314,344,313,345,3.0936342666454117
344,345,314,375,3.0853431440039034
314,345,344,315,2.980335322602831
315,345,314,346,3.0818359232673522
345,346,315,376,3.1356312187114175
315,346,345,316,3.073188365463612
316,346,315,347,2.68813421546138
346,347,316,377,2.9680491885557516
316,347,346,317,3.1073306232975053
317,347,316,348,3.1194608233457606
347,348,317,378,3.0673783327572766
317,348,347,318,3.0802000343216647
318,348,317,349,3.007700710708209
348,349,318,379,3.0409831835265315
318,349,348,319,3.038021651289636
319,349,318,350,2.956878140683376
349,350,319,380,2.956317039889224
319,350,349,320,2.9957771450837143
320,350,319,351,3.092085525979054
350,351,320,381,3.0439605084994636
320,351,350,321,2.9858444269251403
321,351,320,352,2.9722409262147607
351,352,321,382,3.032988779691224
321,352,351,322,3.039318776431275
322,352,321,353,3.1098742969049606
352,353,322,383,2.977592963584491
322,353,352,323,3.0471004161228605
323,353,322,354,2.8872477358338298
353,354,323,384,3.085473141295542
323,354,353,324,3.032937769089693
324,354,323,355,3.1179675784503122
354,355,324,385,3.1312131517997868
324,355,354,325,2.928259035350483
325,355,324,356,2.510411982734743
355,356,325,386,2.8843278665140386
325,356,355,326,2.965662995940786
326,356,325,357,2.413437928624142
356,357,326,387,3.055093268804008
326,357,356,327,2.33287317802583
327,357,326,358,2.989340810423052
357,358,327,388,3.0490967050153945
327,358,357,328,3.0384663789671227
328,358,327,359,2.9156480553321176
358,359,328,389,2.6476040707774144
328,359,358,329,2.7940190573619783
329,359,328,360,1.659504197812661
359,360,329,390,2.8212035852327713
329,360,359,330,2.6086175155081386
330,360,329,361,1.428314350687541
360,361,330,391,2.4635259279070625
330,361,360,331,3.123647722151044
331,361,330,362,1.1055421370297234
361,362,331,392,2.5136432493072496
331,362,361,332,2.625287963680468
332,362,331,363,1.5620273448967186
362,363,332,393,3.1224787978140642
332,363,362,333,3.0895852766559844
333,363,332,364,2.3388566303744227
363,364,333,394,3.1300993735679508
333,364,363,334,3.0905964096684055
334,364,333,365,3.027916978947084
364,365,334,395,3.094059455608301
334,365,364,335,2.886938473142731
335,365,334,366,2.9922411403397855
365,366,335,396,3.065562910665294
335,366,365,336,2.989231908832844
336,366,335,367,3.1334505569117304
366,367,336,397,3.13553301974313
336,367,366,337,3.1101864581628518
337,367,336,368,2.977205368964204
367,368,337,398,3.1268468195258032
337,368,367,338,3.1079903056430607
338,368,337,369,2.057990495668496
368,369,338,399,2.9428026013345314
338,369,368,339,3.0655783590536227
339,369,338,370,3.0257503337470397
369,370,339,400,2.9020536888760047
339,370,369,340,1.3493377960700592
340,370,339,371,2.3332149409335208
370,371,340,401,1.0049663086223566
342,372,341,373,2.999583909028343
372,373,342,403,1.976123626552718
342,373,372,343,3.1099175359922553
343,373,342,374,3.0309609728148734
373,374,343,404,2.3044342187995195
343,374,373,344,3.0897156755174997
344,374,343,375,3.0827947435310232
374,375,344,405,2.321138066177393
344,375,374,345,3.132113473332043
345,375,344,376,3.12413968456022
375,376,345,406,2.2440617619045984
345,376,375,346,3.034092683463251
346,376,345,377,2.9374155484755344
376,377,346,407,2.1934372791756727
346,377,376,347,3.03512999814955
347,377,346,378,3.0224433186430115
377,378,347,408,1.6743579939295286
347,378,377,348,3.075917326450756
348,378,347,379,3.045440268650697
378,379,348,409,1.6996546845798004
348,379,378,349,3.1066824180048918
349,379,348,380,3.0769676289624144
379,380,349,410,1.811591415352496
349,380,379,350,3.1222314070053048
350,380,349,381,3.0678685187501764
380,381,350,411,2.0391622330706256
350,381,380,351,3.0815509926903086
351,381,350,382,2.6846917066695446
381,382,351,412,2.886832940336587
351,382,381,352,3.0935351698380327
352,382,351,383,3.0956652298477443
382,383,352,413,3.074747861223878
352,383,382,353,3.0942103779565
353,383,352,384,3.037713715752795
383,384,353,414,3.0640107992599446
353,384,383,354,2.9379745516165516
354,384,353,385,3.0709194218668694
384,385,354,415,3.0484156817731556
354,385,384,355,3.099508812356647
355,385,354,386,2.8393366467557906
385,386,355,416,3.1020709192462332
355,386,385,356,2.70355052398679
356,386,355,387,2.899713466448989
386,387,356,417,2.9799363832540315
356,387,386,357,2.9730524831889005
357,387,356,388,3.0492997212290343
387,388,357,418,2.9766985613365042
357,388,387,358,2.1604545504050283
358,388,357,389,2.331669536931881
388,389,358,419,2.1069616046508326
358,389,388,359,2.812232290426437
359,389,358,390,2.8313455252814115
389,390,359,420,2.2985092282614743
359,390,389,360,2.64354188370749
360,390,359,391,0.11862816969392609
390,391,360,421,2.5296404090408084
360,391,390,361,2.4236580687782454
361,391,360,392,0.40493142949653427
391,392,361,422,3.055769309951199
361,392,391,362,2.0186159496625176
362,392,361,393,2.5576660769108397
392,393,362,423,2.6744377652411546
362,393,392,363,2.8656367656943895
363,393,362,394,2.3825499656407456
393,394,363,424,3.113225620506116
363,394,393,364,3.05665816374396
364,394,363,395,2.975039984312997
394,395,364,425,3.0224189084017934
364,395,394,365,3.0520636191400294
365,395,364,396,3.1149623348968265
395,396,365,426,2.792824539042238
365,396,395,366,3.0109842687902617
366,396,365,397,3.0361893050517197
396,397,366,427,2.7237976862050766
366,397,396,367,2.9101927222019506
367,397,366,398,2.992007088205654
397,398,367,428,3.090005178353254
367,398,397,368,3.1204502576554005
368,398,367,399,1.7738453887790215
398,399,368,429,3.128163533826665
368,399,398,369,2.95559417366769
369,399,368,400,3.0831066086611703
399,400,369,430,3.007157668780691
369,400,399,370,3.02595023712689
370,400,369,401,0.4515238047359619
400,401,370,431,2.9330132684383683
370,401,400,371,1.8162205746682607
371,401,370,402,2.07281295196052
401,402,371,432,2.06921870286508
373,403,372,404,2.784864485199136
403,404,373,434,1.5311012747370478
373,404,403,374,2.8528440043713035
374,404,373,405,3.1067617806500905
404,405,374,435,0.9093752250693674
374,405,404,375,3.1142385692957313
375,405,374,406,3.0492250214601455
405,406,375,436,1.2355276595737117
375,406,405,376,3.0728181408091326
376,406,375,407,2.8654978473485846
406,407,376,437,1.9013251142155618
376,407,406,377,2.9793090699653573
377,407,376,408,2.2387570843434252
407,408,377,438,3.0430738881773443
377,408,407,378,2.5616478166894967
378,408,377,409,3.0816652647304643
408,409,378,439,2.323435943714926
378,409,408,379,3.1090586571194403
379,409,378,410,3.046824105955472
409,410,379,440,1.9823358569790872
379,410,409,380,3.067222819918855
380,410,379,411,2.890054838268132
410,411,380,441,1.6922154757397614
380,411,410,381,2.947005433596196
381,411,380,412,2.3258249657677412
411,412,381,442,2.8264155268831583
381,412,411,382,2.2450853954657215
382,412,381,413,2.9204620220615904
412,413,382,443,2.7278826034327186
382,413,412,383,3.0028620168530606
383,413,382,414,3.0235825202020394
413,414,383,444,3.1266521954073463
383,414,413,384,3.1048828692285984
384,414,383,415,3.0929459353778475
414,415,384,445,3.08341767843714
384,415,414,385,2.953655938730497
385,415,384,416,3.0243152739421193
415,416,385,446,3.0681425101223487
385,416,415,386,3.0514859091962205
386,416,385,417,3.090535830011117
416,417,386,447,3.015721162030658
386,417,416,387,2.9094951972470846
387,417,386,418,3.0531595784000873
417,418,387,448,2.902958332027639
387,418,417,388,2.970230663978663
388,418,387,419,2.6456469220764545
418,419,388,449,3.0418035752707864
388,419,418,389,3.0287630875138385
389,419,388,420,2.5459687851547383
419,420,389,450,2.965677003739645
389,420,419,390,2.6101246357676295
390,420,389,421,1.9259537854047912
420,421,390,451,2.5468224039002445
390,421,420,391,2.4586149675980566
391,421,390,422,1.6222498582147953
421,422,391,452,2.9795123066490756
391,422,421,392,2.816493493344794
392,422,391,423,3.1209732325471524
422,423,392,453,2.8902241966539304
392,423,422,393,2.4301054909877005
393,423,392,424,3.0151576417535275
423,424,393,454,3.130093342842958
393,424,423,394,2.9577305084151426
394,424,393,425,3.103498452659554
424,425,394,455,2.7831455741606885
394,425,424,395,3.1337563642875
395,425,394,426,2.7878100801213255
425,426,395,456,3.131860238451678
395,426,425,396,2.992615042414995
396,426,395,427,3.1323381480967134
426,427,396,457,2.657211474652802
396,427,426,397,3.079983626980769
397,427,396,428,2.7656915477033612
427,428,397,458,2.3631668471065277
397,428,427,398,2.542734569446943
398,428,397,429,1.7302354724354454
428,429,398,459,2.6238881304566113
398,429,428,399,3.1360326598472614
399,429,398,430,2.9885800176697352
429,430,399,460,2.7139937957572253
399,430,429,400,2.806597000394043
400,430,399,431,0.9338429000678145
430,431,400,461,2.828347852999016
400,431,430,401,2.9143384665536445
401,431,400,432,2.7930193878106246
431,432,401,462,2.886806454300297
401,432,431,402,2.714567499483362
402,432,401,433,2.2243752735508786
432,433,402,463,2.6728081557515893
404,434,403,435,2.1230591449184653
434,435,404,465,2.1753422066877364
404,435,434,405,2.2745504126115277
405,435,404,436,2.7682724925243174
435,436,405,466,1.4967375293785348
405,436,435,406,2.8817376503029415
406,436,405,437,2.446849536160761
436,437,406,467,1.3192463519467283
406,437,436,407,2.6303439454050044
407,437,406,438,2.352466941342838
437,438,407,468,1.357302565874467
407,438,437,408,2.155288675649993
408,438,407,439,1.873577218701187
438,439,408,469,1.7723867453253608
408,439,438,409,2.740334500401112
409,439,408,440,2.5465546537892187
439,440,409,470,2.2388713860605747
409,440,439,410,2.765952445507077
410,440,409,441,2.45409057409459
440,441,410,471,2.833205335021078
410,441,440,411,2.6726328412550857
411,441,410,442,2.254758874134747
441,442,411,472,2.9744693399814963
411,442,441,412,2.2091009741413443
412,442,411,443,2.363794922746759
442,443,412,473,2.3115726459438215
412,443,442,413,2.9358472036383816
413,443,412,444,2.6773225488438865
443,444,413,474,2.8667507729221895
413,444,443,414,2.598535529124498
414,444,413,445,3.127329297442957
444,445,414,475,3.0223923273142628
414,445,444,415,3.1321951443684304
415,445,414,446,3.005202347582372
445,446,415,476,3.0996403447917453
415,446,445,416,2.9679126975775034
416,446,415,447,3.0162104281577844
446,447,416,477,2.796558373495843
416,447,446,417,3.105049671985254
417,447,416,448,3.0674574751605133
447,448,417,478,3.041236923045997
417,448,447,418,3.022477942058997
418,448,417,449,3.123218026514749
448,449,418,479,3.0623592258470125
418,449,448,419,2.9714376013561883
419,449,418,450,2.9380499265458213
449,450,419,480,2.8666629543578313
419,450,449,420,2.9748763186149794
420,450,419,451,2.7950620502448595
450,451,420,481,2.930301129365992
420,451,450,421,2.0610475208605146
421,451,420,452,2.3472540057788596
451,452,421,482,2.27557531336099
421,452,451,422,3.0570073683030468
422,452,421,453,3.050711639070569
452,453,422,483,2.1525932318757124
422,453,452,423,2.894724407338747
423,453,422,454,2.6934240869734833
453,454,423,484,2.6995562560691275
423,454,453,424,2.6539734428215183
424,454,423,455,2.652080939732812
454,455,424,485,2.945479407465786
424,455,454,425,2.9478184269558065
425,455,424,456,3.0027370246170717
455,456,425,486,2.367892679109035
425,456,455,426,2.801971971215922
426,456,425,457,2.424625400920798
456,457,426,487,2.378102467630988
426,457,456,427,2.773880705484297
427,457,426,458,2.3257912684783317
457,458,427,488,2.477119701839364
427,458,457,428,2.727464308564549
428,458,427,459,2.1950163712094186
458,459,428,489,2.9194723837591137
428,459,458,429,2.9906892719680847
429,459,428,460,3.1172978817749915
459,460,429,490,3.118598331835247
429,460,459,430,3.048374582860349
430,460,429,461,1.9636476349543703
460,461,430,491,2.8440392823922616
430,461,460,431,2.7453749559713194
431,461,430,462,2.8773301629259866
461,462,431,492,2.142949634632366
431,462,461,432,2.973976590419935
432,462,431,463,3.1322413873489476
462,463,432,493,1.570918907935629
432,463,462,433,2.0873841966304
433,463,432,464,1.2705256496490631
463,464,433,494,1.7484988313848162
435,465,434,466,0.7870856261609731
465,466,435,496,0.46614370371819014
435,466,465,436,1.278855034121187
436,466,435,467,2.128237720692094
466,467,436,497,0.7218020348163371
436,467,466,437,2.4114434389169204
437,467,436,468,2.4211648811329978
467,468,437,498,1.0085143654275617
437,468,467,438,2.742966072436224
438,468,437,469,2.6473211225056317
468,469,438,499,1.149650335426865
438,469,468,439,3.0865141026323752
439,469,438,470,3.060696829321516
469,470,439,500,0.9531419191336278
439,470,469,440,3.007661744904384
440,470,439,471,2.969338210802103
470,471,440,501,0.6446726591054597
440,471,470,441,2.878293771641369
441,471,440,472,2.0841310296201287
471,472,441,502,0.963728471409106
441,472,471,442,2.7791941031195297
442,472,441,473,2.9010570626237437
472,473,442,503,0.3744448925113875
442,473,472,443,2.882015448257522
443,473,442,474,2.8119077785623365
473,474,443,504,0.8385146093011129
443,474,473,444,2.7879315108101266
444,474,443,475,2.5889653020816525
474,475,444,505,1.5195964484389912
444,475,474,445,2.972660513497471
445,475,444,476,3.0490310851936364
475,476,445,506,1.8947435270511817
445,476,475,446,2.988672165528182
446,476,445,477,2.4628952234236072
476,477,446,507,3.0111259946412625
446,477,476,447,2.911697035874674
447,477,446,478,2.867139560401889
477,478,447,508,2.929103627098703
447,478,477,448,2.861396917964114
448,478,447,479,3.128058082376111
478,479,448,509,3.121683155566633
448,479,478,449,3.0007203790063444
449,479,448,480,3.0680610684312786
479,480,449,510,2.9921164517358894
449,480,479,450,3.1177579954495247
450,480,449,481,2.8874415888212135
480,481,450,511,3.1319516471008395
450,481,480,451,3.0430518172111696
451,481,450,482,2.9018339323034743
481,482,451,512,3.0344183047825335
451,482,481,452,2.742216552277921
452,482,451,483,3.0558017103912527
482,483,452,513,3.089175308588066
452,483,482,453,3.134322788554007
453,483,452,484,2.806867883591523
483,484,453,514,3.077142591369301
453,484,483,454,2.847451707510831
454,484,453,485,2.7178023867574126
484,485,454,515,2.8239879606930054
454,485,484,455,2.0199539154616852
455,485,454,486,2.1457672994503416
485,486,455,516,1.4493812110542392
455,486,485,456,2.6705362091667944
456,486,455,487,2.442898568246307
486,487,456,517,0.7611877506464753
456,487,486,457,2.8217648182385218
457,487,456,488,2.487273544700322
487,488,457,518,0.22185268988348986
457,488,487,458,2.9257042141366685
458,488,457,489,2.8507792682826345
488,489,458,519,0.0994459892323386
458,489,488,459,3.0498021377080105
459,489,458,490,2.8202195352963706
489,490,459,520,0.7704292229891337
459,490,489,460,3.0500031397652503
460,490,459,491,1.4655988318951032
490,491,460,521,0.7249242200144694
460,491,490,461,2.846069514231568
461,491,460,492,2.3933024374428453
491,492,461,522,0.7186774725184277
461,492,491,462,2.7935964772795177
462,492,461,493,2.2803609819649573
492,493,462,523,1.9805407298680557
462,493,492,463,2.568427524839607
463,493,462,494,2.125609599366429
493,494,463,524,2.2398147542448497
463,494,493,464,1.7984187144182617
464,494,463,495,1.5212675238730595
494,495,464,525,1.1796058839506347
466,496,465,497,2.7765043060301866
496,497,466,527,2.177069482812856
466,497,496,467,2.1932286387776037
467,497,466,498,2.8721428461987113
497,498,467,528,2.9400737823755185
467,498,497,468,3.05774564293567
468,498,467,499,2.8602378176611527
498,499,468,529,2.6268949790363227
468,499,498,469,3.032166221027421
469,499,468,500,2.9440286608499
499,500,469,530,2.7040926991415204
469,500,499,470,3.0165642456057955
470,500,469,501,2.8743338489046755
500,501,470,531,2.763763533993509
470,501,500,471,2.960719516038846
471,501,470,502,1.8913092509533656
501,502,471,532,2.801375140715055
471,502,501,472,2.7124765240960524
472,502,471,503,2.5153130021502115
502,503,472,533,2.825345221251693
472,503,502,473,2.5512018706246007
473,503,472,504,2.8061939391798503
503,504,473,534,1.8675144262465209
473,504,503,474,2.8578585871383186
474,504,473,505,2.7090476019645373
504,505,474,535,2.1944308273043625
474,505,504,475,2.7822822874477766
475,505,474,506,2.498013565244871
505,506,475,536,2.3391119744962943
475,506,505,476,2.656351781819977
476,506,475,507,2.0669296588169903
506,507,476,537,2.9252204108539175
476,507,506,477,1.8676057616928299
477,507,476,508,2.3832690534016825
507,508,477,538,2.0127596489309934
477,508,507,478,3.025827753311621
478,508,477,509,2.8865304602130695
508,509,478,539,2.7195612715498307
478,509,508,479,3.0505255309323824
479,509,478,510,2.832235128609137
509,510,479,540,3.092131913640114
479,510,509,480,3.114808708968512
480,510,479,511,3.108957976935172
510,511,480,541,2.980086465043136
480,511,510,481,3.0074513028156997
481,511,480,512,3.0423375508856236
511,512,481,542,3.05846986356978
481,512,511,482,3.1364011644943592
482,512,481,513,2.9782438711646733
512,513,482,543,3.0657365894187922
482,513,512,483,2.797399718983895
483,513,482,514,2.968102092747844
513,514,483,544,2.915633107657866
483,514,513,484,3.023198533388993
484,514,483,515,3.0819727388328526
514,515,484,545,2.947073518433991
484,515,514,485,3.101402016420787
485,515,484,516,2.0401684406121112
515,516,485,546,2.799648648486779
485,516,515,486,2.863557178951636
486,516,485,517,2.8389400790620845
516,517,486,547,2.3044970692072244
486,517,516,487,3.0473386573797567
487,517,486,518,3.0209800353986993
517,518,487,548,2.037328333775654
487,518,517,488,3.057427459211349
488,518,487,519,3.024886686653582
518,519,488,549,2.008041234388874
488,519,518,489,3.0652567580014685
489,519,488,520,2.500172339230955
519,520,489,550,2.9653059375027744
489,520,519,490,2.7993058476379025
490,520,489,521,2.9768635670772294
520,521,490,551,2.890693966581963
490,521,520,491,2.077517232275717
491,521,490,522,2.3310369371651722
521,522,491,552,2.3604899357895937
491,522,521,492,2.414435659742323
492,522,491,523,2.0951370361294552
522,523,492,553,2.6354182206263954
492,523,522,493,2.3281818179154903
493,523,492,524,2.547277461312178
523,524,493,554,1.878534864386972
493,524,523,494,2.97809123460223
494,524,493,525,2.882353504214734
524,525,494,555,2.1981498324940323
494,525,524,495,2.6718850990446508
495,525,494,526,2.782674194431363
525,526,495,556,1.4822680548106824
497,527,496,528,1.8840852511246826
527,528,497,558,1.6532277860793647
497,528,527,498,1.2322504316959664
498,528,497,529,2.4099158708903587
528,529,498,559,2.919292565333669
498,529,528,499,2.8934195979900115
499,529,498,530,3.053043304766514
529,530,499,560,3.014483949377621
499,530,529,500,3.1098864054541173
500,530,499,531,2.958562676946639
530,531,500,561,2.9718696892319336
500,531,530,501,3.0770926441539834
501,531,500,532,2.8700119791444334
531,532,501,562,3.0530598314110784
501,532,531,502,2.6442803917380253
502,532,501,533,2.8754564369751345
532,533,502,563,2.1007971784569017
502,533,532,503,2.0933410371316565
503,533,502,534,1.0816327392141896
533,534,503,564,2.7106464065184377
503,534,533,504,2.0508901090824407
504,534,503,535,3.104476175380586
534,535,504,565,3.0066209129387382
504,535,534,505,3.0528302586294336
505,535,504,536,2.708552509442004
535,536,505,566,3.058937986835034
505,536,535,506,2.9400296108962536
506,536,505,537,2.9480958567194016
536,537,506,567,2.8086821835096756
506,537,536,507,2.9268892888079145
507,537,506,538,1.9383209750296477
537,538,507,568,2.9309125423136613
507,538,537,508,3.080392272471679
508,538,507,539,2.335098608772985
538,539,508,569,2.8186248355147185
508,539,538,509,2.3504142520164697
509,539,508,540,2.778093146379827
539,540,509,570,2.8065334890860796
509,540,539,510,2.576815389950293
510,540,509,541,3.0165489836272426
540,541,510,571,1.8557723957720698
510,541,540,511,3.057178668264154
511,541,510,542,2.6980898132865936
541,542,511,572,2.7338463250218825
511,542,541,512,3.0320970586923193
512,542,511,543,2.9896171594455554
542,543,512,573,2.914574774134693
512,543,542,513,3.130282895584003
513,543,512,544,3.097884474503098
543,544,513,574,3.011784205133637
513,544,543,514,2.9503859982594824
514,544,513,545,3.0373579481322057
544,545,514,575,2.918960572038595
514,545,544,515,3.0576486941595746
515,545,514,546,2.7558021164581366
545,546,515,576,3.125929566982354
515,546,545,516,2.612407247526581
516,546,515,547,2.734479534277268
546,547,516,577,2.815028991595645
516,547,546,517,2.913587825278539
517,547,516,548,2.8829437452929594
547,548,517,578,2.6364462100690953
517,548,547,518,2.9581043254264743
518,548,517,549,2.9829836305985094
548,549,518,579,2.669061295435275
518,549,548,519,3.0243799095278012
519,549,518,550,2.363393861154156
549,550,519,580,2.8521468238138596
519,550,549,520,2.2698565980389893
520,550,519,551,2.380817964037474
550,551,520,581,1.714517401779824
520,551,550,521,3.0642977433368013
521,551,520,552,3.099154842099517
551,552,521,582,1.3967520079282958
521,552,551,522,2.633843112440876
522,552,521,553,2.404675002712576
552,553,522,583,1.5850616539189288
522,553,552,523,1.2309767445175699
523,553,522,554,0.5089286435838279
553,554,523,584,2.390058076933338
523,554,553,524,1.5319262215014384
524,554,523,555,2.9472920867315193
554,555,524,585,2.9894156860177095
524,555,554,525,2.986651027331013
525,555,524,556,1.3215250349812193
555,556,525,586,2.983827921910094
525,556,555,526,1.8060916070950923
526,556,525,557,2.3009060328910595
556,557,526,587,2.3654566853332146
528,558,527,559,1.5344661444704462
558,559,528,589,2.9468407588096053
528,559,558,529,1.5147129343929115
529,559,528,560,3.0967083355436142
559,560,529,590,1.5378208760101109
529,560,559,530,2.9870445420172422
530,560,529,561,2.898216264004411
560,561,530,591,1.865824138277715
530,561,560,531,3.0674547900137283
531,561,530,562,2.9835880359114926
561,562,531,592,2.184035484264714
531,562,561,532,3.1263427172390994
532,562,531,563,1.3847956624675506
562,563,532,593,2.437873828441306
532,563,562,533,2.3890473146853766
533,563,532,564,2.3349592660753404
563,564,533,594,1.9052787990004825
533,564,563,534,2.858936319272022
534,564,533,565,2.392012483071676
564,565,534,595,2.800170500559777
534,565,564,535,2.536052519895555
535,565,534,566,2.6370391273930416
565,566,535,596,2.4760942953910345
535,566,565,536,3.101816149982403
536,566,535,567,2.9791367880023674
566,567,536,597,2.7588919149613416
536,567,566,537,3.092565883183618
537,567,536,568,2.705838965505123
567,568,537,598,3.043517894744287
537,568,567,538,2.8098519335158714
538,568,537,569,3.0630640798990267
568,569,538,599,2.8279953361513526
538,569,568,539,2.5767966502414423
539,569,538,570,2.765881990014865
569,570,539,600,2.4834820186159514
539,570,569,540,2.3447621936964236
540,570,539,571,1.8245215234621164
570,571,540,601,2.4654752102742106
540,571,570,541,2.5236401708015785
541,571,540,572,2.260126598949964
571,572,541,602,3.1245534348114266
541,572,571,542,2.21671198443317
542,572,541,573,3.0381277064677903
572,573,542,603,3.002362447045109
542,573,572,543,3.067230225768005
543,573,542,574,3.0476240120893996
573,574,543,604,2.898534906768944
543,574,573,544,3.0357315135277885
544,574,543,575,3.114741243446749
574,575,544,605,3.1320034285580642
544,575,574,545,3.043303586661376
545,575,544,576,3.0484467575154683
575,576,545,606,3.0356401152764305
545,576,575,546,3.013176672785106
546,576,545,577,3.0899343749868478
576,577,546,607,3.0752687159113647
546,577,576,547,2.9316205547986165
547,577,546,578,3.1360222656667616
577,578,547,608,3.032878274053579
547,578,577,548,3.0890139827135585
548,578,547,579,2.9368496618020266
578,579,548,609,2.8792708359615533
548,579,578,549,2.927290901029993
549,579,548,580,2.861294706692912
579,580,549,610,2.596560070311303
549,580,579,550,2.288999385252168
550,580,549,581,2.2113125201819415
580,581,550,611,1.665345750641933
550,581,580,551,2.85167126074348
551,581,550,582,2.726987686131732
581,582,551,612,1.3507504494345417
551,582,581,552,2.8452448795322076
552,582,551,583,2.7002461821817976
582,583,552,613,0.9828196831693699
552,583,582,553,2.9567354589473873
553,583,552,584,2.861228030633207
583,584,553,614,0.8573523659284505
553,584,583,554,2.0822100534309516
554,584,553,585,2.0279117242323306
584,585,554,615,1.3524835593830877
554,585,584,555,2.112038482695656
555,585,554,586,1.3292776781071285
585,586,555,616,0.43360026155640613
555,586,585,556,2.9816422173859287
556,586,555,587,2.981019906059229
586,587,556,617,0.5234404959438493
556,587,586,557,2.4680581750366453
557,587,556,588,2.383642825653047
587,588,557,618,0.6067117433030143
559,589,558,590,0.04491181695824914
589,590,559,620,1.9150743104168717
559,590,589,560,1.7392431373046437
560,590,559,591,2.9181599242516123
590,591,560,621,1.8533876595675705
560,591,590,561,2.9610535874208614
561,591,560,592,2.846725008125957
591,592,561,622,1.8351442594343457
561,592,591,562,2.913011630040783
562,592,561,593,2.7873686189934306
592,593,562,623,2.114982359668278
562,593,592,563,1.7396971034197968
563,593,562,594,3.1349863863519434
593,594,563,624,2.2525864056885214
563,594,593,564,2.877696890788456
564,594,563,595,2.5885782485134654
594,595,564,625,2.8200685875876
564,595,594,565,2.5073776624977437
565,595,564,596,3.1160294562072215
595,596,565,626,2.988573070047081
565,596,595,566,2.8598059410980765
566,596,565,597,2.9036349012236577
596,597,566,627,2.5324336741019025
566,597,596,567,2.896016731295979
567,597,566,598,2.8997785558013534
597,598,567,628,2.4884723123882826
567,598,597,568,2.7120469827648046
568,598,567,599,2.636402446411221
598,599,568,629,3.004058253640061
568,599,598,569,3.0592628456733966
569,599,568,600,1.381437782736328
599,600,569,630,2.6393202989107483
569,600,599,570,2.704214253256047
570,600,569,601,0.04325105364389156
600,601,570,631,2.6249236337624002
570,601,600,571,2.673800459550682
571,601,570,602,1.4720781340749223
601,602,571,632,2.928478282274125
571,602,601,572,2.990004830242902
572,602,571,603,3.1038222751363915
602,603,572,633,2.9331186026367853
572,603,602,573,2.316312262627831
573,603,572,604,3.088841763473925
603,604,573,634,3.131607805772945
573,604,603,574,3.1109675666206953
574,604,573,605,2.830494491226357
604,605,574,635,2.8889822514388013
574,605,604,575,2.798582643057243
575,605,574,606,2.912979504591376
605,606,575,636,3.02057448485545
575,606,605,576,3.136479977723251
576,606,575,607,3.1348814661553828
606,607,576,637,2.907826539506871
576,607,606,577,2.9728195243666975
577,607,576,608,3.0806546856256354
607,608,577,638,3.019743927950315
577,608,607,578,2.9741937768802145
578,608,577,609,3.1297783585945145
608,609,578,639,2.960862192228514
578,609,608,579,3.0433984316969704
579,609,578,610,3.020774349949787
609,610,579,640,3.0053753503695138
579,610,609,580,3.0775674729940055
580,610,579,611,2.667065319884695
610,611,580,641,3.0987811044763354
580,611,610,581,3.1181584359396144
581,611,580,612,3.104506001341677
611,612,581,642,3.0769122929793165
581,612,611,582,3.124888504255929
582,612,581,613,3.05637305106887
612,613,582,643,3.069598504180482
582,613,612,583,3.1244481138390032
583,613,582,614,3.04009833072243
613,614,583,644,3.129092432597568
583,614,613,584,3.051121113818088
584,614,583,615,2.894112699440591
614,615,584,645,3.132632716878732
584,615,614,585,2.8826480567890003
585,615,584,616,2.911274584871252
615,616,585,646,3.033019638900875
585,616,615,586,2.30933743459885
586,616,585,617,3.1087906954423237
616,617,586,647,3.1357327820395637
586,617,616,587,3.117628360511666
587,617,586,618,2.252586448704312
617,618,587,648,3.108542923379161
587,618,617,588,2.5102186451380004
588,618,587,619,2.8129682706951145
618,619,588,649,2.849901265222373
590,620,589,621,0.17208902341790377
620,621,590,651,2.704747685824003
590,621,620,591,2.940959707641706
591,621,590,622,2.8195899894052316
621,622,591,652,3.019804305979084
591,622,621,592,2.9344309198699774
592,622,591,623,3.097081221432294
622,623,592,653,2.7004159284745732
592,623,622,593,3.076516842355455
593,623,592,624,1.0136802961601343
623,624,593,654,2.4350596106973583
593,624,623,594,3.011280677222053
594,624,593,625,2.8848742520747854
624,625,594,655,2.475435120972653
594,625,624,595,2.8271616429306525
595,625,594,626,2.5241245441327047
625,626,595,656,2.878777511400831
595,626,625,596,2.9536090347701682
596,626,595,627,2.7336548817041875
626,627,596,657,2.9761490487900164
596,627,626,597,2.960724891586892
597,627,596,628,2.9622393936912967
627,628,597,658,2.4118177832849397
597,628,627,598,2.939870697512312
598,628,597,629,2.482905071881849
628,629,598,659,2.2075374797860974
598,629,628,599,1.9116846482793763
599,629,598,630,0.632004381409752
629,630,599,660,1.9448287117092629
599,630,629,600,2.5091110483323917
600,630,599,631,1.3775078592010936
630,631,600,661,3.074384001949048
600,631,630,601,2.5434277753690373
601,631,600,632,0.5754409634771189
631,632,601,662,2.176194750537451
601,632,631,602,3.06095413174495
602,632,601,633,3.0970166652825992
632,633,602,663,2.583197834273774
602,633,632,603,2.981231866711174
603,633,602,634,2.789511736474466
633,634,603,664,2.5294125218894865
603,634,633,604,2.5261958917139324
604,634,603,635,2.4544753736599336
634,635,604,665,1.9177951842542373
604,635,634,605,2.8992953887512956
605,635,604,636,2.404743004611379
635,636,605,666,3.0796140671002865
605,636,635,606,3.131933069636206
606,636,605,637,2.9853143574072294
636,637,606,667,3.083935152949231
606,637,636,607,3.026257100922908
607,637,606,638,3.039766928589227
637,638,607,668,2.9451906100493948
607,638,637,608,2.860324542363391
608,638,607,639,3.0464408980189783
638,639,608,669,3.090118814322965
608,639,638,609,3.0338412797025134
609,639,608,640,3.084544415704921
639,640,609,670,2.9674869877711005
609,640,639,610,3.0903260494270333
610,640,609,641,2.9192471213169084
640,641,610,671,3.1050062003744507
610,641,640,611,3.0247262232753087
611,641,610,642,3.1340873445986963
641,642,611,672,3.090840029656087
611,642,641,612,3.1364674395382064
612,642,611,643,3.0666478716122763
642,643,612,673,3.080175530459731
612,643,642,613,3.117975449664696
613,643,612,644,3.124451941521373
643,644,613,674,3.0681820190764517
613,644,643,614,3.041741796609862
614,644,613,645,2.9199361181291934
644,645,614,675,3.117750481305684
614,645,644,615,3.0328860856199635
615,645,614,646,3.077461511307051
645,646,615,676,2.9753368009634524
615,646,645,616,3.0006463939286374
616,646,615,647,3.0279463027093634
646,647,616,677,2.696270839574967
616,647,646,617,2.2062082622785564
617,647,616,648,2.2989274147983556
647,648,617,678,2.138573217694983
617,648,647,618,3.1283779667448277
618,648,617,649,3.0927592252116933
648,649,618,679,2.284355435030487
618,649,648,619,2.774142614286644
619,649,618,650,1.1911678060810935
649,650,619,680,2.071381217870882
621,651,620,652,2.660042808288942
651,652,621,682,0.10558287730840067
621,652,651,622,2.781736669639549
622,652,621,653,2.6439019478062296
652,653,622,683,0.12222906424712501
622,653,652,623,3.0241797993949526
623,653,622,654,2.3619429796597804
653,654,623,684,0.39407041217393235
623,654,653,624,2.3934381824198856
624,654,623,655,2.9439110843395397
654,655,624,685,1.3008284154701146
624,655,654,625,3.0595331984870135
625,655,624,656,3.1034410423214087
655,656,625,686,1.609219393139897
625,656,655,626,3.0276956140482474
626,656,625,657,2.9519436093915448
656,657,626,687,1.9431700984580886
626,657,656,627,2.533895851276698
627,657,626,658,2.12873362249957
657,658,627,688,2.3820311049010727
627,658,657,628,2.679431690382345
628,658,627,659,2.1529250227056886
658,659,628,689,2.6641446746693984
628,659,658,629,2.636680500943687
629,659,628,660,0.8965723450129691
659,660,629,690,3.099094162557778
629,660,659,630,2.7089581866868264
630,660,629,661,3.017440625977139
660,661,630,691,2.370020525540073
630,661,660,631,2.307715510551916
631,661,630,662,1.1937889306247687
661,662,631,692,2.6737157688027016
631,662,661,632,2.4858374468029223
632,662,631,663,2.592442450089343
662,663,632,693,3.1077222642915108
632,663,662,633,2.6736149359353814
633,663,632,664,2.712716221258672
663,664,633,694,2.9070637449806274
633,664,663,634,2.9255621917260353
634,664,633,665,2.928924071030967
664,665,634,695,2.8453086099463545
634,665,664,635,3.110481570344839
635,665,634,666,2.0353023215374657
665,666,635,696,2.746930543149133
635,666,665,636,1.7117113373064294
636,666,635,667,2.9915530731545212
666,667,636,697,3.1151724478207794
636,667,666,637,3.1354599002283448
637,667,636,668,2.67616749355539
667,668,637,698,3.0618827556540684
637,668,667,638,2.9965435638900937
638,668,637,669,2.7011184023712107
668,669,638,699,2.5421182156229465
638,669,668,639,3.1035179070935768
639,669,638,670,2.9114481639690344
669,670,639,700,3.0509700751981423
639,670,669,640,3.1225899836113906
640,670,639,671,3.0681416548918237
670,671,640,701,3.1067004879441114
640,671,670,641,2.9813837694115333
641,671,640,672,3.0148952202618102
671,672,641,702,3.0372713648465153
641,672,671,642,3.1098771014101327
642,672,641,673,3.0515443395168744
672,673,642,703,3.1047629614429058
642,673,672,643,3.128791296314116
643,673,642,674,3.107742625475801
673,674,643,704,3.1025585503648463
643,674,673,644,3.1294799425435142
644,674,643,675,2.990703309844899
674,675,644,705,2.9897339922103376
644,675,674,645,3.0917859333884383
645,675,644,676,3.0041578430902014
675,676,645,706,2.9653764335541584
645,676,675,646,3.1071526171990054
646,676,645,677,2.8604570753150327
676,677,646,707,3.113171372759892
646,677,676,647,3.0025344990292573
647,677,646,678,3.1088136758566693
677,678,647,708,2.985375038794038
647,678,677,648,2.760194111374726
648,678,647,679,2.983933139716382
678,679,648,709,2.991775345617426
648,679,678,649,3.0064289231445174
649,679,648,680,3.001220667332919
679,680,649,710,2.911279409322546
649,680,679,650,1.5265287713416686
650,680,649,681,2.9727711773243293
680,681,650,711,2.99540542168706
652,682,651,683,2.671486907086492
682,683,652,713,1.449210400637009
652,683,682,653,2.8244324706405672
653,683,652,684,2.6891080030040877
683,684,653,714,1.986636972642886
653,684,683,654,2.4091804472811953
654,684,653,685,1.453896631762942
684,685,654,715,2.936716260778923
654,685,684,655,2.2401718382987963
655,685,654,686,2.6610412393675897
685,686,655,716,2.599237254755239
655,686,685,656,2.8034726045134364
656,686,655,687,2.858303104916104
686,687,656,717,2.573227648558221
656,687,686,657,2.931049737915845
657,687,656,688,2.810298809810512
687,688,657,718,3.120216348269424
657,688,687,658,3.130806254427098
658,688,657,689,2.59117566060286
688,689,658,719,2.992599489356374
658,689,688,659,3.05244263632724
659,689,658,690,1.6328808965894792
689,690,659,720,2.9987954850279026
659,690,689,660,3.0222403079067797
660,690,659,691,1.8233433798789491
690,691,660,721,2.9621116673029455
660,691,690,661,2.670638482243978
661,691,660,692,0.9980255158032613
691,692,661,722,2.1087833991679337
661,692,691,662,2.3247579696152174
662,692,661,693,1.978043088563356
692,693,662,723,2.7385276136584
662,693,692,663,2.8824099644769494
663,693,662,694,2.9801250008231985
693,694,663,724,2.8394595517142367
663,694,693,664,2.4877998007337045
664,694,663,695,3.0183569528593797
694,695,664,725,3.10700588842406
664,695,694,665,2.9871458237257573
665,695,664,696,2.961581471091517
695,696,665,726,3.0457869457771167
665,696,695,666,2.537460101756474
666,696,665,697,2.588802280668211
696,697,666,727,2.793407729422539
666,697,696,667,1.2250694544147867
667,697,666,698,2.8214604638018974
697,698,667,728,2.863693580582975
667,698,697,668,3.0375607447806785
668,698,667,699,1.9105734645295893
698,699,668,729,2.7889455196507202
668,699,698,669,2.670600788600989
669,699,668,700,2.631780556108388
699,700,669,730,2.9100644673048723
669,700,699,670,2.5952613829231326
670,700,669,701,2.891320748491133
700,701,670,731,2.9197093753332815
670,701,700,671,3.03498944230564
671,701,670,702,2.82193613082995
701,702,671,732,3.0048514060949607
671,702,701,672,3.1177623835948527
672,702,671,703,3.1340705683051286
702,703,672,733,3.1279024103261244
672,703,702,673,3.0422788667476026
673,703,672,704,3.10458188118827
703,704,673,734,3.071387270916878
673,704,703,674,3.1266659060970903
674,704,673,705,2.829774497003467
704,705,674,735,3.1364575075813077
674,705,704,675,3.037217474238766
675,705,674,706,2.96948540041139
705,706,675,736,3.0700211382939027
675,706,705,676,3.0667297014530686
676,706,675,707,3.1331098509320974
706,707,676,737,3.1061113204065687
676,707,706,677,2.9718738160674913
677,707,676,708,2.9925817174060816
707,708,677,738,3.040884219905412
677,708,707,678,3.1301679605768227
678,708,677,709,2.868434962636786
708,709,678,739,3.0630742139653586
678,709,708,679,3.0651993007757863
679,709,678,710,3.1143785701981064
709,710,679,740,3.0626727780098917
679,710,709,680,3.0868170180230723
680,710,679,711,2.842287293849159
710,711,680,741,3.066920583865588
680,711,710,681,1.4345859453510947
681,711,680,712,2.160582508726874
711,712,681,742,2.3396465175800807
683,713,682,714,2.8203299433578293
713,714,683,744,2.577343659541255
683,714,713,684,2.872190089040299
684,714,683,715,0.38107633781360334
714,715,684,745,2.4078119752827765
684,715,714,685,2.6555146688884204
685,715,684,716,2.548508408042846
715,716,685,746,1.9116561245912664
685,716,715,686,2.990696786532875
686,716,685,717,2.896878715065179
716,717,686,747,2.0377375921990764
686,717,716,687,2.8290051531529428
687,717,686,718,2.6222275918069213
717,718,687,748,2.3313916284920375
687,718,717,688,2.341680718744203
688,718,687,719,2.351268550379789
718,719,688,749,2.7737404122661755
688,719,718,689,2.9826056605480336
689,719,688,720,2.0250216433326096
719,720,689,750,2.94638467401144
689,720,719,690,2.965224856777512
690,720,689,721,2.259320008811966
720,721,690,751,2.935978919430836
690,721,720,691,2.964515913272328
691,721,690,722,2.0967548004155385
721,722,691,752,2.97505832952202
691,722,721,692,2.184105046967257
692,722,691,723,0.6059898794524765
722,723,692,753,1.8992023067271933
692,723,722,693,2.93635397108066
693,723,692,724,2.8324937791042157
723,724,693,754,1.986245356554252
693,724,723,694,2.7816163743683835
694,724,693,725,2.5724028756638084
724,725,694,755,2.3854863243153126
694,725,724,695,2.795753132663536
695,725,694,726,2.7785541644842886
725,726,695,756,2.322098839452548
695,726,725,696,3.1161284409731236
696,726,695,727,3.1128619020038015
726,727,696,757,2.364520585447164
696,727,726,697,2.132652908344607
697,727,696,728,2.676448725333972
727,728,697,758,2.8670777550995683
697,728,727,698,1.1270532687762338
698,728,697,729,2.7677664884961106
728,729,698,759,2.91362295446903
698,729,728,699,2.651713423161141
699,729,698,730,2.8371135620254964
729,730,699,760,2.5274896383423795
699,730,729,700,2.102255376848632
700,730,699,731,2.882640757307321
730,731,700,761,2.9351370048216445
700,731,730,701,2.588486411667689
701,731,700,732,2.9529118200503137
731,732,701,762,2.6063250758493783
701,732,731,702,2.6772730353352605
702,732,701,733,2.934790201307598
732,733,702,763,3.121828757878693
702,733,732,703,3.0149676023529275
703,733,702,734,3.024540367582257
733,734,703,764,3.1055593551350746
703,734,733,704,3.0990363053132377
704,734,703,735,2.9290099453447924
734,735,704,765,3.0817084863969257
704,735,734,705,3.086065785374664
705,735,704,736,3.068427355868843
735,736,705,766,3.1274622890245096
705,736,735,706,3.106638300856585
706,736,705,737,2.99710247488381
736,737,706,767,3.104640340689253
706,737,736,707,2.959820913659347
707,737,706,738,3.084611417228514
737,738,707,768,3.119767711190472
707,738,737,708,3.037263280495921
708,738,707,739,3.119588581584509
738,739,708,769,3.1131243619819005
708,739,738,709,2.9736445090445494
709,739,708,740,3.113892525842253
739,740,709,770,3.0358626057429197
709,740,739,710,3.0649945811628228
710,740,709,741,3.059121278118664
740,741,710,771,2.869957570355174
710,741,740,711,3.0416830012018705
711,741,710,742,2.8587532076089075
741,742,711,772,3.128876396374032
711,742,741,712,2.2652748136367804
712,742,711,743,2.4924364725884995
742,743,712,773,2.7359434349443856
714,744,713,745,0.28632303840072215
744,745,714,775,2.9345815000622517
714,745,744,715,3.0206340572117725
715,745,714,746,3.017059567028433
745,746,715,776,3.0586739926109376
715,746,745,716,3.135044899532974
716,746,715,747,3.0747771466082434
746,747,716,777,3.0227701591621656
716,747,746,717,3.1131558790926115
717,747,716,748,3.0426854647668398
747,748,717,778,3.1355338232715724
717,748,747,718,3.132684973579591
718,748,717,749,1.051831996874429
748,749,718,779,2.962318982216481
718,749,748,719,3.080262760031992
719,749,718,750,2.813398289711316
749,750,719,780,3.0783385614829384
719,750,749,720,2.739515695627372
720,750,719,751,2.8159311190312573
750,751,720,781,2.740092176263802
720,751,750,721,2.930679909222768
721,751,720,752,2.629176962667886
751,752,721,782,3.061858484920835
721,752,751,722,2.93496787043124
722,752,721,753,1.1900022116167026
752,753,722,783,2.787231760750624
722,753,752,723,2.2880531717977557
723,753,722,754,2.9574932359960378
753,754,723,784,2.940067829738292
723,754,753,724,3.0352213120504077
724,754,723,755,3.1309195157052927
754,755,724,785,2.627783183097114
724,755,754,725,3.049329197585116
725,755,724,756,2.869792640356301
755,756,725,786,2.914918080636679
725,756,755,726,2.8606641750959594
726,756,725,757,3.109648774572026
756,757,726,787,3.034466997233653
726,757,756,727,3.1247661100124295
727,757,726,758,1.5047379492414679
757,758,727,788,2.8388168145002486
727,758,757,728,2.841949100083577
728,758,727,759,2.7337141139944374
758,759,728,789,3.055005784163334
728,759,758,729,1.1490999653878327
729,759,728,760,1.625031929519446
759,760,729,790,3.0403149765376565
729,760,759,730,2.7385853692843485
730,760,729,761,1.8977152062711933
760,761,730,791,2.541895460177576
730,761,760,731,2.744293054229384
731,761,730,762,2.2830529254492897
761,762,731,792,3.004460222861249
731,762,761,732,2.953644451027539
732,762,731,763,2.570502846341637
762,763,732,793,3.096334538710214
732,763,762,733,2.142765165437715
733,763,732,764,3.102156567669528
763,764,733,794,3.1228682202193023
733,764,763,734,3.069824789729653
734,764,733,765,2.9625305461852762
764,765,734,795,3.0803142763424427
734,765,764,735,3.0755461315870902
735,765,734,766,2.9653088178147686
765,766,735,796,3.1357236311149834
735,766,765,736,3.12309842532834
736,766,735,767,3.067609758613558
766,767,736,797,3.0646023701683798
736,767,766,737,3.125338075167088
737,767,736,768,3.115130576723703
767,768,737,798,3.0426736366243707
737,768,767,738,2.901269342154551
738,768,737,769,3.1104043807170023
768,769,738,799,3.1025282636345666
738,769,768,739,3.0439518197211246
739,769,738,770,3.0587666595202028
769,770,739,800,3.08652236337437
739,770,769,740,3.0520432049730135
740,770,739,771,2.9896684969006793
770,771,740,801,2.977474543067761
740,771,770,741,3.0522976087140368
741,771,740,772,3.0228169871256987
771,772,741,802,3.1094031874231107
741,772,771,742,2.9558709750798986
742,772,741,773,2.9642454912119303
772,773,742,803,3.0179204257814543
742,773,772,743,1.9446800771239992
743,773,742,774,2.8393041290101273
773,774,743,804,2.950608988131531
745,775,744,776,3.0896193780814007
775,776,745,806,2.1833353684363703
745,776,775,746,2.8945296734759323
746,776,745,777,2.920798205410649
776,777,746,807,2.3568745331056182
746,777,776,747,2.9344935295905215
747,777,746,778,2.878084380695863
777,778,747,808,3.007398566643157
747,778,777,748,2.998161863367742
748,778,747,779,0.8066555609396913
778,779,748,809,3.0560339969148043
748,779,778,749,2.9639401415164826
749,779,748,780,2.979780574770821
779,780,749,810,2.9557671668749634
749,780,779,750,2.9605721962756117
750,780,749,781,2.9800772890943206
780,781,750,811,2.98820881291958
750,781,780,751,3.0821754668259698
751,781,750,782,2.972057895067167
781,782,751,812,3.1268143445049703
751,782,781,752,2.8637761572849207
752,782,751,783,0.449551728208305
782,783,752,813,2.4424030962036523
752,783,782,753,2.725172948665553
753,783,752,784,2.717847536236352
783,784,753,814,3.0799274583088567
753,784,783,754,2.1236333724388654
754,784,753,785,2.6843883363273964
784,785,754,815,2.8434770669082137
754,785,784,755,2.922450044756015
755,785,754,786,3.005799175021996
785,786,755,816,3.089253853787896
755,786,785,756,2.9461238032128407
756,786,755,787,3.004506851326716
786,787,756,817,2.9598083620542197
756,787,786,757,2.9800383015217458
757,787,756,788,2.0400695069128543
787,788,757,818,3.105541458791816
757,788,787,758,2.803808783404274
758,788,757,789,3.0440486837992817
788,789,758,819,3.0112161140054705
758,789,788,759,3.0672835379248564
759,789,758,790,1.6669720336673128
789,790,759,820,2.689763746778559
759,790,789,760,1.1161456770366547
760,790,759,791,2.719745373017073
790,791,760,821,2.924810796178738
760,791,790,761,2.2138464483289257
761,791,760,792,2.958134218865727
791,792,761,822,2.9543716625417042
761,792,791,762,3.0312143533393345
762,792,761,793,2.325533342908992
792,793,762,823,2.848445934684542
762,793,792,763,3.1200193198318935
763,793,762,794,3.060553310514263
793,794,763,824,2.7538154962602257
763,794,793,764,2.1723069738608616
764,794,763,795,3.0236971601513267
794,795,764,825,3.083841594734873
764,795,794,765,3.112504272806001
765,795,764,796,2.8831193985074783
795,796,765,826,3.127190408432928
765,796,795,766,3.13229895709622
766,796,765,797,3.110828475322005
796,797,766,827,3.0882420394017633
766,797,796,767,3.085472259087166
767,797,766,798,3.1344516992520455
797,798,767,828,3.017183342494068
767,798,797,768,3.104108652983996
768,798,767,799,3.025688019390499
798,799,768,829,3.029056512255403
768,799,798,769,2.841289834651664
769,799,768,800,3.080734142626897
799,800,769,830,3.070906938652268
769,800,799,770,3.028345643019961
770,800,769,801,3.1362749170263884
800,801,770,831,3.120227850467455
770,801,800,771,2.94259351145539
771,801,770,802,3.0725061805941842
801,802,771,832,3.0524581797786388
771,802,801,772,2.9189541786866413
772,802,771,803,3.0918347981951917
802,803,772,833,3.004720486384537
772,803,802,773,2.8656025696050644
773,803,772,804,2.9204771622053265
803,804,773,834,3.006725230516432
773,804,803,774,1.8885248218310007
774,804,773,805,2.1327013097318357
804,805,774,835,2.4610473867316904
776,806,775,807,2.6687980246071037
806,807,776,837,2.043259630604025
776,807,806,777,2.7294673230579107
777,807,776,808,2.427738291090522
807,808,777,838,2.30299197863198
777,808,807,778,2.2806075166546806
778,808,777,809,0.7360213914847598
808,809,778,839,3.136284869854866
778,809,808,779,3.0481074675051234
779,809,778,810,3.122581795462767
809,810,779,840,2.9850806843263618
779,810,809,780,3.0642503635648572
780,810,779,811,2.933667944353348
810,811,780,841,2.9421201087078126
780,811,810,781,2.992731865068153
781,811,780,812,3.075448375120055
811,812,781,842,3.025600423238943
781,812,811,782,3.0339278644523615
782,812,781,813,1.0993671699589256
812,813,782,843,2.9279823119161015
782,813,812,783,2.6372051215931727
783,813,782,814,2.4029682814250855
813,814,783,844,2.8888581068013
783,814,813,784,1.940029599292292
784,814,783,815,3.135505046177376
814,815,784,845,3.11849261007739
784,815,814,785,1.8093020011809426
785,815,784,816,2.7737087177689097
815,816,785,846,2.8845064421216065
785,816,815,786,2.569025718817481
786,816,785,817,3.0948324638220144
816,817,786,847,3.054511747743333
786,817,816,787,3.0755637962606217
787,817,786,818,2.3615146609234863
817,818,787,848,3.0579855331538583
787,818,817,788,3.0641045578364583
788,818,787,819,3.003040166101607
818,819,788,849,3.0452493801274856
788,819,818,789,2.970139686793067
789,819,788,820,2.3992235384579885
819,820,789,850,2.7881499645092673
789,820,819,790,2.5936515582521187
790,820,789,821,2.5045136774074863
820,821,790,851,2.555153649656859
790,821,820,791,1.2561963570642047
791,821,790,822,2.760500928552601
821,822,791,852,2.797552165881036
791,822,821,792,2.6109745347918247
792,822,791,823,2.167403382404072
822,823,792,853,2.5958702641014257
792,823,822,793,2.9117004370549044
793,823,792,824,3.0885088080150895
823,824,793,854,2.837351975262267
793,824,823,794,3.0677419474607945
794,824,793,825,2.4581103760303997
824,825,794,855,2.876655395547934
794,825,824,795,2.558842769174827
795,825,794,826,2.983041222222359
825,826,795,856,3.1357604452540744
795,826,825,796,3.0996569549300466
796,826,795,827,3.077421923937743
826,827,796,857,3.002257543401778
796,827,826,797,3.0823713651107862
797,827,796,828,3.0459956762762697
827,828,797,858,3.1152052418593708
797,828,827,798,3.1254689281666526
798,828,797,829,3.0420699132843425
828,829,798,859,3.069577301952455
798,829,828,799,3.092969623099815
799,829,798,830,2.9428132503223305
829,830,799,860,2.9525449920358384
799,830,829,800,3.0250486051946655
800,830,799,831,3.0142401730761224
830,831,800,861,2.919080706378681
800,831,830,801,3.119494154752757
801,831,800,832,3.054545749007608
831,832,801,862,3.079690136121436
801,832,831,802,2.831975799330591
802,832,801,833,3.122098171372167
832,833,802,863,3.0389233358803702
802,833,832,803,2.9675897827269253
803,833,802,834,2.9160991365411713
833,834,803,864,3.1327741746220705
803,834,833,804,2.869439216451682
804,834,803,835,2.611794298485922
834,835,804,865,2.9206652731958336
804,835,834,805,1.602199732475832
805,835,804,836,2.695744166358712
835,836,805,866,2.8347453364547026
807,837,806,838,2.8189581291391024
837,838,807,868,2.8736178984512772
807,838,837,808,3.066447027532966
808,838,807,839,2.22388233628657
838,839,808,869,2.5967156504408484
808,839,838,809,2.6594657846108123
809,839,808,840,2.8984748356459304
839,840,809,870,3.1237119523448458
809,840,839,810,3.073069331989264
810,840,809,841,2.873573672735603
840,841,810,871,2.9989189072748457
810,841,840,811,3.0222612752772458
811,841,810,842,3.0910573110803066
841,842,811,872,2.970208507388836
811,842,841,812,2.9106921987132304
812,842,811,843,1.5479027629354554
842,843,812,873,2.8345542443354033
812,843,842,813,2.944100449252691
813,843,812,844,2.45452013476372
843,844,813,874,2.8430607685922085
813,844,843,814,2.6033803183131425
814,844,813,845,2.8000746406917867
844,845,814,875,2.720186441633532
814,845,844,815,1.7036373623120016
815,845,814,846,3.055712285077456
845,846,815,876,1.6202722044020763
815,846,845,816,1.6124747199799152
816,846,815,847,2.8503403292917318
846,847,816,877,1.323228781075793
816,847,846,817,2.3967587125641416
817,847,816,848,2.1212282865281833
847,848,817,878,1.688379624982167
817,848,847,818,3.0387259630016175
818,848,817,849,2.984412877940629
848,849,818,879,1.80967327954063
818,849,848,819,3.0780573611575694
819,849,818,850,2.9962382893450275
849,850,819,880,2.411352162316115
819,850,849,820,2.560630492433719
820,850,819,851,1.1833595462941133
850,851,820,881,2.7832434496205165
820,851,850,821,2.7342113457689923
821,851,820,852,1.6032894970101916
851,852,821,882,3.014050100643818
821,852,851,822,0.05653363977890649
822,852,821,853,2.992025639129059
852,853,822,883,2.8954062540431704
822,853,852,823,1.8529986333536819
823,853,822,854,2.7365635482128337
853,854,823,884,2.885910911567344
823,854,853,824,2.6730620928296167
824,854,823,855,3.038301026444012
854,855,824,885,1.9688173897775114
824,855,854,825,2.5167616537810686
825,855,824,856,2.626152287823166
855,856,825,886,2.9850580105487663
825,856,855,826,2.80809238101169
826,856,825,857,3.013706462769459
856,857,826,887,2.990689262616418
826,857,856,827,2.9639493653765916
827,857,826,858,2.8861822101297094
857,858,827,888,3.0201106472809043
827,858,857,828,2.970202962028542
828,858,827,859,3.1068571668319773
858,859,828,889,2.876775415154532
828,859,858,829,3.110499397537719
829,859,828,860,2.7760003530020296
859,860,829,890,3.069473516801494
829,860,859,830,2.9728312715292162
830,860,829,861,3.0618352744236765
860,861,830,891,2.6857479758865446
830,861,860,831,3.0585505454450246
831,861,830,862,3.0012797773482123
861,862,831,892,2.783123387481211
831,862,861,832,3.0023127903228852
832,862,831,863,2.9301672669767065
862,863,832,893,2.7888079182896086
832,863,862,833,2.9948111565740207
833,863,832,864,3.0719164825866985
863,864,833,894,2.333234854564027
833,864,863,834,3.0788552051162337
834,864,833,865,2.8976855042211347
864,865,834,895,2.148569108010708
834,865,864,835,2.669872969311067
835,865,834,866,2.759815489658732
865,866,835,896,3.002827385957296
835,866,865,836,1.5606477638253946
836,866,835,867,2.836117488632715
866,867,836,897,2.9124038562731505
838,868,837,869,1.7653306858378697
868,869,838,899,2.957164060528352
838,869,868,839,2.6742457645885667
839,869,838,870,2.5360645164004216
869,870,839,900,2.4719303209261843
839,870,869,840,2.0776027065807843
840,870,839,871,3.0493425018384728
870,871,840,901,2.429892270957755
840,871,870,841,3.085261209377063
841,871,840,872,3.0506915487977726
871,872,841,902,2.269957919689487
841,872,871,842,3.051775574780638
842,872,841,873,0.8167327749335273
872,873,842,903,2.2008115798653196
842,873,872,843,2.8099518670646844
843,873,842,874,2.9871886652042985
873,874,843,904,2.832348753239843
843,874,873,844,2.355762070382658
844,874,843,875,1.7871850582395339
874,875,844,905,2.5645793283789375
844,875,874,845,2.9537638484175184
845,875,844,876,0.30268346073497854
875,876,845,906,1.944667269895748
845,876,875,846,2.183786000885207
846,876,845,877,0.6822274588860889
876,877,846,907,1.3524328049806842
846,877,876,847,2.577733513074366
847,877,846,878,2.7213924378488645
877,878,847,908,1.7224932614981636
847,878,877,848,3.0980135104887827
848,878,847,879,3.125734944952532
878,879,848,909,1.4339516879107816
848,879,878,849,3.115685558508335
849,879,848,880,2.396382516089127
879,880,849,910,1.193576189090734
849,880,879,850,2.5298666267727916
850,880,849,881,0.15837350016660467
880,881,850,911,2.4016792802530516
850,881,880,851,1.4918090210913693
851,881,850,882,1.3266899610478422
881,882,851,912,2.6077158490680197
851,882,881,852,2.903021236818873
852,882,851,883,2.8202848589420033
882,883,852,913,2.2638031896907034
852,883,882,853,0.2818306360001915
853,883,852,884,2.718611390091523
883,884,853,914,2.721555608008394
853,884,883,854,1.8674787323045423
854,884,853,885,1.867472184697929
884,885,854,915,1.5680700939565402
854,885,884,855,2.50948204763221
855,885,854,886,1.832936643075001
885,886,855,916,3.135993314934943
855,886,885,856,1.3807537194279902
856,886,855,887,3.006179667294255
886,887,856,917,3.0304011402493995
856,887,886,857,2.802244360192874
857,887,856,888,3.013402031399581
887,888,857,918,2.948941171169958
857,888,887,858,2.692990012666918
858,888,857,889,2.9729678250638254
888,889,858,919,2.090897921975924
858,889,888,859,3.113687663690765
859,889,858,890,3.032547552378875
889,890,859,920,2.4569535101601496
859,890,889,860,2.8362317421057797
860,890,859,891,2.5121416925410993
890,891,860,921,2.917587884999261
860,891,890,861,2.9077224725933957
861,891,860,892,3.1358984640231857
891,892,861,922,3.0597327318402194
861,892,891,862,3.1244917339756553
862,892,861,893,2.9381559702610094
892,893,862,923,2.907838830871877
862,893,892,863,3.0098029437321236
863,893,862,894,2.4071571327433574
893,894,863,924,3.021996806449584
863,894,893,864,2.773942930743326
864,894,863,895,2.6227600727085694
894,895,864,925,2.6644773001047715
864,895,894,865,2.836807558256101
865,895,864,896,2.1288977847027284
895,896,865,926,2.5990008087557093
865,896,895,866,1.7605670492432302
866,896,865,897,2.939472056979541
896,897,866,927,2.842686025742637
866,897,896,867,1.6336891417984805
867,897,866,898,2.39470866615467
897,898,867,928,2.570668434427535
869,899,868,900,1.2562115531599622
899,900,869,930,1.9787533597311162
869,900,899,870,2.617873362331945
870,900,869,901,1.3042365027655145
900,901,870,931,2.676250038758837
870,901,900,871,3.044424005279814
871,901,870,902,3.0067900837928714
901,902,871,932,2.6909821955675586
871,902,901,872,3.0355654184125225
872,902,871,903,2.9131531480754833
902,903,872,933,2.937500045780469
872,903,902,873,1.9354887002890524
873,903,872,904,2.301069417264753
903,904,873,934,2.548787178086267
873,904,903,874,2.1661617170248166
874,904,873,905,2.0429007230760545
904,905,874,935,1.4170795399154175
874,905,904,875,2.2215908333460734
875,905,874,906,1.883546708559619
905,906,875,936,1.5928176071734166
875,906,905,876,2.3766443427550534
876,906,875,907,0.7410608976089771
906,907,876,937,1.6392626480840622
876,907,906,877,2.574435192145265
877,907,876,908,2.110683058938231
907,908,877,938,2.556571433308129
877,908,907,878,2.3377718975299926
878,908,877,909,2.709399917786385
908,909,878,939,2.7205104737723285
878,909,908,879,2.8166719034260606
879,909,878,910,1.8064077543226054
909,910,879,940,2.7490779336127003
879,910,909,880,1.9936281724077236
880,910,879,911,2.466542689793364
910,911,880,941,2.8105169876424774
880,911,910,881,1.1765211669629752
881,911,880,912,1.8109512737380753
911,912,881,942,2.1241869294663593
881,912,911,882,1.4993005616915476
882,912,881,913,2.972871712151376
912,913,882,943,2.3426099538056726
882,913,912,883,3.035967871447186
883,913,882,914,2.9129666253063635
913,914,883,944,2.8887610893720876
883,914,913,884,0.1307378560216149
884,914,883,915,2.562104808007253
914,915,884,945,2.794885572633083
884,915,914,885,2.9605863847501936
885,915,884,916,1.1705702576988657
915,916,885,946,2.625592563440197
885,916,915,886,0.5486731899549099
886,916,885,917,3.136552177989173
916,917,886,947,2.9997615847536188
886,917,916,887,1.476817144968471
887,917,886,918,3.1297302294657574
917,918,887,948,3.132237554513025
887,918,917,888,2.8851310421493053
888,918,887,919,2.0491815160244395
918,919,888,949,2.668004886763083
888,919,918,889,2.627104421575899
889,919,888,920,2.7274450285421445
919,920,889,950,2.996033425709887
889,920,919,890,2.8214818534065667
890,920,889,921,3.1116257270336822
920,921,890,951,2.3078078797676413
890,921,920,891,2.9622818981573067
891,921,890,922,2.946185161458918
921,922,891,952,2.313525020747237
891,922,921,892,3.0477372205287363
892,922,891,923,2.724588021537172
922,923,892,953,2.0215416999921794
892,923,922,893,3.0055646251622217
893,923,892,924,2.8978172148975654
923,924,893,954,2.0296377032533433
893,924,923,894,2.924779612947459
894,924,893,925,3.1346101102020483
924,925,894,955,2.4978468144742525
894,925,924,895,3.124220063784096
895,925,894,926,2.8022772089972796
925,926,895,956,2.851880273002392
895,926,925,896,1.9062003519814468
896,926,895,927,2.491018691610558
926,927,896,957,1.9779608953610222
896,927,926,897,1.461549729120971
897,927,896,928,2.939158059594179
927,928,897,958,1.4775396066402586
897,928,927,898,1.991826144174106
898,928,897,929,1.3112857348326576
928,929,898,959,0.7133054716916647
900,930,899,931,0.026626848951686533
900,931,930,901,1.07186299832174
901,931,900,932,3.027798313450786
901,932,931,902,3.0602448091571652
902,932,901,933,3.0204216994463797
902,933,932,903,2.996857676675067
903,933,902,934,3.1065136721474405
903,934,933,904,1.3510173973856503
904,934,903,935,2.5034017970494395
904,935,934,905,3.062603543340592
905,935,904,936,2.2970821710946363
905,936,935,906,2.912318835571799
906,936,905,937,0.7506821464679693
906,937,936,907,2.351242985908077
907,937,906,938,2.79546568046321
907,938,937,908,2.6078788923466174
908,938,907,939,1.4310512923352956
908,939,938,909,3.1089912803039574
909,939,908,940,1.8561238309056833
909,940,939,910,2.8574230306199264
910,940,909,941,2.402722514915776
910,941,940,911,2.0344488164649506
911,941,910,942,3.012849016581458
911,942,941,912,2.067119366862036
912,942,911,943,1.30544020378112
912,943,942,913,2.7034811443104867
913,943,912,944,2.567822617381957
913,944,943,914,2.4954389228772347
914,944,913,945,2.6751419366976137
914,945,944,915,0.5993307810640112
915,945,914,946,0.8040463567910393
915,946,945,916,2.6012745916847937
916,946,915,947,2.558386309451628
916,947,946,917,0.9399941161666143
917,947,916,948,2.933182407536735
917,948,947,918,1.6310509808995324
918,948,917,949,2.646197603509933
918,949,948,919,2.49489648022441
919,949,918,950,2.652042898194743
919,950,949,920,1.9988081396839616
920,950,919,951,2.1682486438820847
920,951,950,921,2.7060394456001964
921,951,920,952,2.937180611087576
921,952,951,922,2.958309925055973
922,952,921,953,2.27630977854233
922,953,952,923,2.648670703647687
923,953,922,954,2.9084843827456894
923,954,953,924,3.000568131621325
924,954,923,955,2.4374510032499814
924,955,954,925,2.4873258619846674
925,955,924,956,2.965393725140454
925,956,955,926,2.77623749365759
926,956,925,957,0.17073122704044358
926,957,956,927,1.8442772503689802
927,957,926,958,0.08097529183539222
927,958,957,928,2.7808108778447016
928,958,927,959,1.3157381010329758
928,959,958,929,2.274929433562923
929,959,928,960,0.9333163974980423
