1,31,0,32,2.8474579996461196
31,32,1,62,3.052221744628486
1,32,31,2,3.0909860083328375
2,32,1,33,2.9287397738181538
32,33,2,63,3.095184002852899
2,33,32,3,3.070304822825367
3,33,2,34,3.019365084945138
33,34,3,64,3.1249319999550256
3,34,33,4,3.1012183985078585
4,34,3,35,3.11323841441372
34,35,4,65,3.130170590660583
4,35,34,5,3.134764507399403
5,35,4,36,3.132466971331424
35,36,5,66,3.133024149261035
5,36,35,6,3.0998212403772665
6,36,5,37,3.039889580045896
36,37,6,67,3.115409788413613
6,37,36,7,3.07451702972992
7,37,6,38,3.0024365707551257
37,38,7,68,3.1235683496627584
7,38,37,8,3.135913503424729
8,38,7,39,3.0572854166479093
38,39,8,69,3.1069243400180797
8,39,38,9,3.1031454729202923
9,39,8,40,3.021199473294023
39,40,9,70,3.086025933016463
9,40,39,10,3.1154723050932933
10,40,9,41,3.102750821024574
40,41,10,71,3.111948377352138
10,41,40,11,2.846657110412079
11,41,10,42,3.0413360989254445
41,42,11,72,3.0590504220798147
11,42,41,12,2.5830249030530066
12,42,11,43,2.954609986352074
42,43,12,73,2.9901811773493194
12,43,42,13,2.5377079920074044
13,43,12,44,2.9992851302115864
43,44,13,74,3.015233415763119
13,44,43,14,2.498962645364964
14,44,13,45,3.0368573747225835
44,45,14,75,3.0516192600768566
14,45,44,15,2.785490951234448
15,45,14,46,3.083147582044076
45,46,15,76,3.1080275846511647
15,46,45,16,2.8775207625425123
16,46,15,47,2.9845860073870147
46,47,16,77,3.056587060300443
16,47,46,17,2.9305123714726777
17,47,16,48,3.07957938576004
47,48,17,78,3.135622834127427
17,48,47,18,3.1011695365024234
18,48,17,49,3.120283923693528
48,49,18,79,3.08311723898189
18,49,48,19,3.0179792274675328
19,49,18,50,2.9080657272321075
49,50,19,80,3.0664768930047495
19,50,49,20,3.029488266714962
20,50,19,51,2.944401974625935
50,51,20,81,3.1364275834971207
20,51,50,21,3.123193167641778
21,51,20,52,2.8414961351511026
51,52,21,82,3.1264753707230954
21,52,51,22,3.0456858608596087
22,52,21,53,2.3287539632396226
52,53,22,83,2.9020661532967074
22,53,52,23,2.5572220147389486
23,53,22,54,2.601055793755059
53,54,23,84,2.9134717857774524
23,54,53,24,2.6264124784587977
24,54,23,55,2.908531261301481
54,55,24,85,3.0675047382675933
24,55,54,25,2.994033671813526
25,55,24,56,3.104863715656805
55,56,25,86,3.084664440359313
25,56,55,26,3.0327405378760313
26,56,25,57,2.877303608429528
56,57,26,87,3.046572243288546
26,57,56,27,3.0141799212356863
27,57,26,58,2.5687273685310847
57,58,27,88,3.041172208006997
27,58,57,28,3.028244893684894
28,58,27,59,2.6691188493852382
58,59,28,89,3.1113812216999275
28,59,58,29,3.1090712849064563
29,59,28,60,2.7995430110461457
59,60,29,90,3.1220314920098193
29,60,59,30,3.1203191563884136
30,60,29,61,2.918600262264983
60,61,30,91,3.0126617279978802
32,62,31,63,2.98977242456373
62,63,32,93,3.0685321904303327
32,63,62,33,3.132970578534055
33,63,32,64,3.1068988102942523
63,64,33,94,3.0755971681185104
33,64,63,34,3.1312787308068293
34,64,33,65,3.1312214505261498
64,65,34,95,3.1073540353594593
34,65,64,35,3.0751810411279004
35,65,34,66,3.124141959107171
65,66,35,96,3.110698960597921
35,66,65,36,3.119152387806144
36,66,35,67,3.086022027887864
66,67,36,97,3.1009001175810966
36,67,66,37,3.131522788351814
37,67,36,68,2.9906042661034187
67,68,37,98,3.1290201088172998
37,68,67,38,3.0828604297657147
38,68,37,69,3.129280752767675
68,69,38,99,3.131332937208379
38,69,68,39,3.092511460968299
39,69,38,70,3.05083714503684
69,70,39,100,3.0914603802330305
39,70,69,40,3.0822822262125475
40,70,39,71,3.1363571005867446
70,71,40,101,3.108522127049376
40,71,70,41,3.089545106953248
41,71,40,72,3.11688629151619
71,72,41,102,3.0780028244870294
41,72,71,42,2.900214710061506
42,72,41,73,3.0547026452802126
72,73,42,103,3.054326549323591
42,73,72,43,2.653497341163388
43,73,42,74,2.962513067280355
73,74,43,104,2.9905771303766566
43,74,73,44,2.511984420446011
44,74,43,75,2.9838051989320307
74,75,44,105,3.0024463549893468
44,75,74,45,2.461541262787462
45,75,44,76,3.0246131623242944
75,76,45,106,3.039654013751076
45,76,75,46,2.6617362583473665
46,76,45,77,3.0569531633157134
76,77,46,107,3.0878794751759413
46,77,76,47,2.826436791129277
47,77,46,78,2.964640947839799
77,78,47,108,3.0489731504672393
47,78,77,48,3.011763835684936
48,78,47,79,3.033710689437215
78,79,48,109,3.1212050610295
48,79,78,49,3.03977882343861
49,79,48,80,2.9316477476833045
79,80,49,110,3.0578441592017085
49,80,79,50,3.0013845568543482
50,80,49,81,2.840330126842119
80,81,50,111,3.074831850265374
50,81,80,51,3.1028526569582664
51,81,50,82,2.859748133983541
81,82,51,112,3.112145926033351
51,82,81,52,3.1346232530666143
52,82,51,83,2.6340574717391854
82,83,52,113,3.0507530284167212
52,83,82,53,2.8364002099704435
53,83,52,84,2.5871599156272334
83,84,53,114,2.9008049468476518
53,84,83,54,2.5666981244477594
54,84,53,85,2.7013742563788314
84,85,54,115,2.9595154076057804
54,85,84,55,2.770121311572475
55,85,54,86,2.9208403060144823
85,86,55,116,3.0835563901347824
55,86,85,56,3.1235920727382225
56,86,55,87,2.9307544151845817
86,87,56,117,3.0405344025099805
56,87,86,57,2.995174324699533
57,87,56,88,2.576115451662913
87,88,57,118,3.026294559528379
57,88,87,58,3.009164070666182
58,88,57,89,2.5708717769180827
88,89,58,119,3.10095071573582
58,89,88,59,3.0967102501668786
59,89,58,90,2.730897640173605
89,90,59,120,3.106984259160479
59,90,89,60,3.124589660142496
60,90,59,91,2.7624494922756915
90,91,60,121,3.0302440677046314
60,91,90,61,3.050925720362114
61,91,60,92,2.530312925850761
91,92,61,122,3.0577650831377072
63,93,62,94,3.116751920010508
93,94,63,124,3.1024147730256977
63,94,93,64,3.1365951231174987
64,94,63,95,3.1051831134088173
94,95,64,125,3.1024758327343602
64,95,94,65,3.1181138453109907
65,95,64,96,3.033798142626547
95,96,65,126,3.125015934926885
65,96,95,66,3.136242457741655
66,96,65,97,3.072060671242012
96,97,66,127,3.1363885590052023
66,97,96,67,3.109392028069128
67,97,66,98,3.063938409692608
97,98,67,128,3.1226688281471744
67,98,97,68,3.098082501947219
68,98,67,99,3.123097120302184
98,99,68,129,3.1276296505131307
68,99,98,69,3.103304138258307
69,99,68,100,3.108245072442057
99,100,69,130,3.1341526415437833
69,100,99,70,3.051908258633302
70,100,69,101,3.118351228916958
100,101,70,131,3.111225764169596
70,101,100,71,3.099356924488014
71,101,70,102,3.1217571501043726
101,102,71,132,3.1232925596364987
71,102,101,72,3.1199072946527364
72,102,71,103,3.0884504111787425
102,103,72,133,3.0729843621988873
72,103,102,73,2.924031005472627
73,103,72,104,3.0547078249274557
103,104,73,134,3.063961078365436
73,104,103,74,2.7184411544941605
74,104,73,105,2.966279547157014
104,105,74,135,3.003652806624371
74,105,104,75,2.4998143928252476
75,105,74,106,2.9707312396279058
105,106,75,136,2.99259588421937
75,106,105,76,2.423484839542392
76,106,75,107,3.0046010403490078
106,107,76,137,3.0209917701564293
76,107,106,77,2.5052464335550773
77,107,76,108,3.0192314635217716
107,108,77,138,3.0624957453174138
77,108,107,78,2.787940590724165
78,108,77,109,2.931220519606178
108,109,78,139,3.0459460820941677
78,109,108,79,3.0840391262774056
79,109,78,110,3.077120728621917
109,110,79,140,3.058689536090246
79,110,109,80,2.937055451182371
80,110,79,111,2.8152883476676256
110,111,80,141,3.0305832088210174
80,111,110,81,3.0194169102557304
81,111,80,112,2.7247284200036352
111,112,81,142,3.0348164238077517
81,112,111,82,3.084491977921309
82,112,81,113,2.8030986475106454
112,113,82,143,3.1345582578759195
82,113,112,83,3.026812730819722
83,113,82,114,2.7878344925667795
113,114,83,144,2.9837160434736583
83,114,113,84,2.698427870798584
84,114,83,115,2.624776030712128
114,115,84,145,2.909267270715112
84,115,114,85,2.6192022865095272
85,115,84,116,2.74981731349103
115,116,85,146,2.992397037787778
85,116,115,86,2.8895661069696286
86,116,85,117,3.1273434964704294
116,117,86,147,3.0538171452037224
86,117,116,87,3.000477762772532
87,117,86,118,2.5965276971170264
117,118,87,148,3.0052320819779874
87,118,117,88,2.9807016858876123
88,118,87,119,2.4672362831515477
118,119,88,149,3.086499092062561
88,119,118,89,3.081054737499353
89,119,88,120,2.6256087085549056
119,120,89,150,3.091858873224566
89,120,119,90,3.111467650782159
90,120,89,121,2.65254960435194
120,121,90,151,3.027889558115098
90,121,120,91,3.046649888774968
91,121,90,122,2.569333253015793
121,122,91,152,3.0639561936792554
91,122,121,92,3.078442692335532
92,122,91,123,2.8606026406674347
122,123,92,153,3.041782610856418
94,124,93,125,3.1052394171097215
124,125,94,155,3.1263056773373314
94,125,124,95,3.1365945362972383
95,125,94,126,3.06621292835494
125,126,95,156,3.1226664707661067
95,126,125,96,3.1365946801221476
96,126,95,127,3.0922280009837855
126,127,96,157,3.133123174986573
96,127,126,97,3.1246388785610635
97,127,96,128,3.040217792971003
127,128,97,158,3.107979028280449
97,128,127,98,3.0927153788283905
98,128,97,129,3.129981145525773
128,129,98,159,3.075209180596178
98,129,128,99,3.0929417910489
99,129,98,130,3.0977389097035535
129,130,99,160,3.125255815747682
99,130,129,100,3.0958418932367553
100,130,99,131,3.1288313135440724
130,131,100,161,3.111336600421312
100,131,130,101,3.027587957630539
101,131,100,132,3.136311321607302
131,132,101,162,3.10491868103172
101,132,131,102,3.111637768065598
102,132,101,133,3.121987282279367
132,133,102,163,3.120490771569647
102,133,132,103,3.111465063013816
103,133,102,134,3.067824251424734
133,134,103,164,3.1121732601324337
103,134,133,104,2.9332146240326615
104,134,103,135,3.053176837883603
134,135,104,165,3.0178745457377727
104,135,134,105,2.7797360168483727
105,135,104,136,2.986156769542413
135,136,105,166,3.0021975536897263
105,136,135,106,2.5109406211434635
106,136,105,137,2.9637687723779362
136,137,106,167,2.989041324013978
106,137,136,107,2.394554996604728
107,137,106,138,2.9791357035501833
137,138,107,168,3.0002062977662454
107,138,137,108,2.3040683642966817
108,138,107,139,2.953712656510635
138,139,108,169,3.0195492186717416
108,139,138,109,2.7721890432713954
109,139,108,140,2.9534154822157426
139,140,109,170,3.0673283646709244
109,140,139,110,3.0203434439691983
110,140,109,141,2.8543128293271183
140,141,110,171,2.9941720580622073
110,141,140,111,2.9096784195516037
111,141,110,142,2.4181848735441998
141,142,111,172,2.8396729760345205
111,142,141,112,3.047217573794913
112,142,111,143,2.961491260162013
142,143,112,173,2.940823124690459
112,143,142,113,3.0854195190406744
113,143,112,144,3.0004839293879138
143,144,113,174,3.117041242699726
113,144,143,114,2.8775425350737525
114,144,113,145,2.721803647414533
144,145,114,175,2.935738461283272
114,145,144,115,2.6323374289023325
115,145,114,146,2.6388320511587193
145,146,115,176,2.924655519222808
115,146,145,116,2.6957506119741437
116,146,115,147,2.795526846977629
146,147,116,177,3.020426335443135
116,147,146,117,3.1233396489571907
117,147,116,148,2.664671328850517
147,148,117,178,2.9822044198568154
117,148,147,118,2.9527051825689603
118,148,117,149,2.356111688461576
148,149,118,179,3.0641416349162207
118,149,148,119,3.056910086020696
119,149,118,150,2.4782713759346087
149,150,119,180,3.0758433179718656
119,150,149,120,3.0976521979556764
120,150,119,151,2.560535956086952
150,151,120,181,3.021726123341452
120,151,150,121,3.045552491201224
121,151,120,152,2.620988127776598
151,152,121,182,3.0491874498503098
121,152,151,122,3.0835320487084266
122,152,121,153,2.8287837672708
152,153,122,183,3.063723312642683
122,153,152,123,3.05553225731837
123,153,122,154,2.9453297147636324
153,154,123,184,3.1087882073779487
125,155,124,156,3.0715150034123977
155,156,125,186,3.123640662913341
125,156,155,126,3.135359183168257
126,156,125,157,3.0761505080590523
156,157,126,187,3.13453511877096
126,157,156,127,3.129123636592937
127,157,126,158,3.0774513006371755
157,158,127,188,3.1336127646190843
127,158,157,128,3.098700435103183
128,158,127,159,3.10512064028231
158,159,128,189,3.0979867373718415
128,159,158,129,3.1251653494082823
129,159,128,160,3.1131274596125786
159,160,129,190,3.1175745972961013
129,160,159,130,3.136096923244967
130,160,129,161,3.065584199413119
160,161,130,191,3.1201738707389284
130,161,160,131,3.1365940122847658
131,161,130,162,3.0496922733433633
161,162,131,192,3.120362284538884
131,162,161,132,3.093535532877889
132,162,131,163,3.100006178038839
162,163,132,193,3.098687379364302
132,163,162,133,3.095969022122504
133,163,132,164,3.1354250042477
163,164,133,194,3.110924079326434
133,164,163,134,3.062211416076554
134,164,133,165,3.0951735476734292
164,165,134,195,3.089035356734848
134,165,164,135,3.028059624026394
135,165,134,166,3.00931389762984
165,166,135,196,3.0802066874769656
135,166,165,136,2.79603303310447
136,166,135,167,2.9830240337474163
166,167,136,197,3.00528150870639
136,167,166,137,2.5247301534280027
137,167,136,168,2.9642342617394384
167,168,137,198,2.986566937902208
137,168,167,138,2.3836892009661925
138,168,137,169,2.955532170848894
168,169,138,199,2.9790767308061867
138,169,168,139,2.0400565818761573
139,169,138,170,2.8880376324849726
169,170,139,200,2.9738837697202123
139,170,169,140,2.817889993985814
140,170,139,171,3.1169224948994274
170,171,140,201,2.9949984081449395
140,171,170,141,2.800855657648153
141,171,140,172,1.77079643400738
171,172,141,202,2.7121747187599596
141,172,171,142,2.9020826819156516
142,172,141,173,3.1045378975299798
172,173,142,203,2.991030961350116
142,173,172,143,3.132037548221673
143,173,142,174,2.963884526582469
173,174,143,204,3.1043005909467225
143,174,173,144,2.860656870493897
144,174,143,175,2.969986143009623
174,175,144,205,3.0369022006301623
144,175,174,145,2.7041638296985506
145,175,144,176,2.6517218400788454
175,176,145,206,2.8958369143219893
145,176,175,146,2.624168393161775
146,176,145,177,2.6659480882978124
176,177,146,207,2.973092667346797
146,177,176,147,2.7855749044908746
147,177,146,178,3.058007500408523
177,178,147,208,2.927559839350059
147,178,177,148,2.8820583219499833
148,178,147,179,2.2460840622823013
178,179,148,209,3.0345058942568515
148,179,178,149,3.027082844235714
149,179,148,180,2.276920434541573
179,180,149,210,3.0621600181350663
149,180,179,150,3.0840629378589437
150,180,149,181,2.4823485328628356
180,181,150,211,3.0210847237338054
150,181,180,151,3.0412540151534144
151,181,150,182,2.660105240333551
181,182,151,212,3.0688484597280308
151,182,181,152,3.0732818660391192
152,182,151,183,2.8492269524150196
182,183,152,213,3.1199205916597785
152,183,182,153,3.0977568808508025
153,183,152,184,3.0096344600673213
183,184,153,214,3.1136234802769156
153,184,183,154,3.101161499901057
154,184,153,185,3.1365612640343854
184,185,154,215,3.0619362130931926
156,186,155,187,3.0446777832758003
186,187,156,217,3.0618272759261456
156,187,186,157,3.12226311798389
157,187,156,188,3.093224028983363
187,188,157,218,3.1192259345578033
157,188,187,158,3.1365898946924173
158,188,157,189,3.1073318544518482
188,189,158,219,3.1353375200948514
158,189,188,159,3.1330216132576356
159,189,158,190,3.1365955707047326
189,190,159,220,3.1365960424607016
159,190,189,160,3.135073508608321
160,190,159,191,3.127470528495636
190,191,160,221,3.111125960742534
160,191,190,161,3.099252723440167
161,191,160,192,3.049935970720278
191,192,161,222,3.130303410171642
161,192,191,162,3.136596423541237
162,192,161,193,3.1302240213957786
192,193,162,223,3.1092462904659333
162,193,192,163,3.1152960426986254
163,193,162,194,3.126916057819641
193,194,163,224,3.105913834198887
163,194,193,164,3.0836695728919263
164,194,163,195,3.1259813958572216
194,195,164,225,3.0715703167378354
164,195,194,165,3.084279171935667
165,195,164,196,3.11286822575295
195,196,165,226,3.0668292030129654
165,196,195,166,3.1365948822622
166,196,165,197,3.089706931620811
196,197,166,227,3.1362574837558816
166,197,196,167,2.871486588500868
167,197,166,198,2.991012254463843
197,198,167,228,3.0291686912538593
167,198,197,168,2.543956534341942
168,198,167,199,2.969067920158586
198,199,168,229,2.9922121885201554
168,199,198,169,2.392561897420405
169,199,168,200,2.9326533979158858
199,200,169,230,2.9565801988271705
169,200,199,170,1.7140404674638006
170,200,169,201,2.6779813474375653
200,201,170,231,2.8127303042356013
170,201,200,171,3.125998075859254
171,201,170,202,2.0958088795207224
201,202,171,232,2.760360316280794
171,202,201,172,2.607978983760616
172,202,171,203,2.696430267721237
202,203,172,233,2.979178966570734
172,203,202,173,2.6210899514637016
173,203,172,204,3.124326367594273
203,204,173,234,3.127281216581253
173,204,203,174,3.0356692969397066
174,204,173,205,3.064754533883861
204,205,174,235,2.902732695743824
174,205,204,175,2.79359467349078
175,205,174,206,2.838760598001498
205,206,175,236,3.0619486468684696
175,206,205,176,2.5747293060448335
176,206,175,207,2.5631590222667957
206,207,176,237,2.8155823226660033
176,207,206,177,2.6950943442115807
177,207,176,208,2.6872032454685
207,208,177,238,3.13431253725179
177,208,207,178,3.117955477073239
178,208,177,209,2.107235894941669
208,209,178,239,2.978151477708699
178,209,208,179,2.97355722066998
179,209,178,210,2.01594743184503
209,210,179,240,3.0487135277526134
179,210,209,180,3.0730492643879854
180,210,179,211,2.4227485319604263
210,211,180,241,3.0172943787765183
180,211,210,181,3.0408077654096575
181,211,180,212,2.7283147029368906
211,212,181,242,3.0661215290698514
181,212,211,182,3.089735505572392
182,212,181,213,2.922208315982526
212,213,182,243,3.107813479989843
182,213,212,183,3.12446042506835
183,213,182,214,3.0782756613801068
213,214,183,244,3.1299277769301592
183,214,213,184,3.134462441701885
184,214,183,215,3.0685176171679793
214,215,184,245,3.1001949132221367
184,215,214,185,3.128829457825515
185,215,184,216,3.04298411324702
215,216,185,246,3.0846688264842843
187,217,186,218,3.0116442805665837
217,218,187,248,3.1122145194168325
187,218,217,188,3.0649173407659123
188,218,187,219,3.07145415505043
218,219,188,249,3.0754285113025337
188,219,218,189,3.115413441107699
189,219,188,220,3.134296919989161
219,220,189,250,3.065674387065852
189,220,219,190,3.1356599480377505
190,220,189,221,3.1119059046276023
220,221,190,251,3.0724672259723613
190,221,220,191,3.1069973310316197
191,221,190,222,3.1065241822549203
221,222,191,252,3.096452917912436
191,222,221,192,3.136270846234221
192,222,191,223,3.092074314038154
222,223,192,253,3.0926249875106127
192,223,222,193,3.0992110198799154
193,223,192,224,3.131248235750451
223,224,193,254,3.102171723181735
193,224,223,194,3.118589211176716
194,224,193,225,3.107207533100132
224,225,194,255,3.1088243223088923
194,225,224,195,3.117918591763354
195,225,194,226,3.1195883572907777
225,226,195,256,3.0788822527067485
195,226,225,196,3.08909602057511
196,226,195,227,3.0851225517253718
226,227,196,257,3.0356329927285572
196,227,226,197,3.0650283498666098
197,227,196,228,3.1335075049249403
227,228,197,258,3.038565276518728
197,228,227,198,2.982409828920882
198,228,197,229,3.021335121505165
228,229,198,259,3.077087478510734
198,229,228,199,2.5813291753296084
199,229,198,230,2.9884960086366736
229,230,199,260,3.0183037803506143
199,230,229,200,2.430862115685925
200,230,199,231,2.9529852960502643
230,231,200,261,2.9661931685642857
200,231,230,201,1.2588911259101034
201,231,200,232,3.0577236957388956
231,232,201,262,3.07699635911782
201,232,231,202,2.492982194730095
202,232,201,233,1.9771770810138378
232,233,202,263,2.529064576665994
202,233,232,203,3.0949702198856266
203,233,202,234,2.880931795905457
233,234,203,264,3.0028348451503244
203,234,233,204,2.7930668695470646
204,234,203,235,2.8982891607402697
234,235,204,265,3.025692084237219
204,235,234,205,3.0207382129633262
205,235,204,236,2.402210289098392
235,236,205,266,2.8459697995429942
205,236,235,206,3.0965316094338875
206,236,205,237,3.0966690439003255
236,237,206,267,2.678971981567813
206,237,236,207,2.204788849566163
207,237,206,238,2.261017491500514
237,238,207,268,2.813986836189538
207,238,237,208,2.9853290848619958
208,238,207,239,2.3391665027535278
238,239,208,269,2.956080875336061
208,239,238,209,2.958442642526539
209,239,208,240,1.6641726755622885
239,240,209,270,3.0307234431401597
209,240,239,210,3.067784598614343
210,240,209,241,2.377617916880906
240,241,210,271,3.0054339608601963
210,241,240,211,3.040608753942694
211,241,210,242,2.798115107876057
241,242,211,272,3.072591483925288
211,242,241,212,3.090410376236895
212,242,211,243,2.9815736015171623
242,243,212,273,3.1310628092463957
212,243,242,213,3.130851927540736
213,243,212,244,3.13649870544496
243,244,213,274,3.0838762626377023
213,244,243,214,3.1135676763548346
214,244,213,245,3.0253633761821828
244,245,214,275,3.0397692181424256
214,245,244,215,3.1056226193021508
215,245,214,246,3.020936147303346
245,246,215,276,2.9870226120723817
215,246,245,216,3.113811813341196
216,246,215,247,2.9292701688193725
246,247,216,277,2.8549807057930345
218,248,217,249,3.123316711849714
248,249,218,279,3.115651347134407
218,249,248,219,3.1018136469924045
219,249,218,250,3.1218401431363807
249,250,219,280,3.1344023254663247
219,250,249,220,3.124859069907863
220,250,219,251,3.1213171941242206
250,251,220,281,3.104288032844993
220,251,250,221,3.130387626492448
221,251,220,252,3.136554693679616
251,252,221,282,3.0873040325867405
221,252,251,222,3.1303502253213886
222,252,221,253,3.0866427411972874
252,253,222,283,3.0973037698740997
222,253,252,223,3.1340142893622485
223,253,222,254,3.118431899775825
253,254,223,284,3.0670926453412344
223,254,253,224,3.1086882330911156
224,254,223,255,3.1165911176044134
254,255,224,285,3.0542946919249276
224,255,254,225,3.1119796067702983
225,255,224,256,3.1198752474547002
255,256,225,286,2.994704913172591
225,256,255,226,3.132943422856124
226,256,225,257,3.1345849319412955
256,257,226,287,2.934773082436082
226,257,256,227,3.1313397790781203
227,257,226,258,3.1301431473682304
257,258,227,288,2.9216336825589013
227,258,257,228,3.062255339826042
228,258,227,259,3.025412539564581
258,259,228,289,2.913362961540755
228,259,258,229,3.1319788092558
229,259,228,260,3.070552537242655
259,260,229,290,3.059301169250869
229,260,259,230,2.6399454198971553
230,260,229,261,3.0320526598460034
260,261,230,291,3.062819058222707
230,261,260,231,2.4857829632944872
231,261,230,262,2.891958632632264
261,262,231,292,2.9000052440184425
231,262,261,232,1.1411575937703877
232,262,231,263,2.57084171837545
262,263,232,293,2.749430669091739
232,263,262,233,2.1292612785951435
233,263,232,264,2.7231377881077328
263,264,233,294,2.9780078531050633
233,264,263,234,2.717414229768208
234,264,233,265,3.0246916093766107
264,265,234,295,3.032665637720358
234,265,264,235,2.5393309576582954
235,265,234,266,2.954409652115532
265,266,235,296,2.983840860172449
235,266,265,236,2.6415959180051556
236,266,235,267,2.949391899753688
266,267,236,297,2.7926727417133708
236,267,266,237,2.9270702894987037
237,267,236,268,2.1296771338474625
267,268,237,298,2.688323043881748
237,268,267,238,2.2791773571747855
238,268,237,269,3.0612944384050955
268,269,238,299,2.7016588467684115
238,269,268,239,2.7860902166759054
239,269,238,270,1.2659633799320218
269,270,239,300,3.0086042458185687
239,270,269,240,3.0569851447824594
240,270,239,271,2.340963557661557
270,271,240,301,3.003609954614169
240,271,270,241,3.0410156190757114
241,271,240,272,2.8933726551508454
271,272,241,302,3.06802245812835
241,272,271,242,3.1075840368750236
242,272,241,273,3.065663032630177
272,273,242,303,3.0907248849049833
242,273,272,243,3.131660291269763
243,273,242,274,3.048001097227935
273,274,243,304,3.0036190134412104
243,274,273,244,3.084055365466729
244,274,243,275,2.9627665434777004
274,275,244,305,2.9766508906876945
244,275,274,245,3.069504460601025
245,275,244,276,2.9461472395929276
275,276,245,306,2.958048198838911
245,276,275,246,3.0528278668632303
246,276,245,277,2.740302335418101
276,277,246,307,2.9012473992479864
246,277,276,247,2.977457300305807
247,277,246,278,2.4241558387068007
277,278,247,308,2.8930627604095176
249,279,248,280,3.0791366065014625
279,280,249,310,3.0472319205655842
249,280,279,250,3.131319335804649
250,280,249,281,3.0768064369991293
280,281,250,311,3.047115116327977
250,281,280,251,3.1249632060600345
251,281,250,282,3.1163061162183627
281,282,251,312,3.0456403469124003
251,282,281,252,3.1329398557091306
252,282,251,283,3.1007514105098988
282,283,252,313,3.0713332461612834
252,283,282,253,3.136597785588701
253,283,252,284,3.1207811504146754
283,284,253,314,3.0977839476891322
253,284,283,254,3.1052645129974406
254,284,253,285,3.098660375625247
284,285,254,315,3.136595986373359
254,285,284,255,3.0959233209682133
255,285,254,286,3.0359129770908466
285,286,255,316,3.082224381431905
255,286,285,256,3.11021864562709
256,286,255,287,3.051857080961647
286,287,256,317,3.0822454580478458
256,287,286,257,3.07401856152146
257,287,256,288,3.131945745039506
287,288,257,318,3.0854509549649807
257,288,287,258,3.1350384111826957
258,288,257,289,3.037011711548887
288,289,258,319,3.094883949536175
258,289,288,259,3.070321910134716
259,289,258,290,3.0053147780185796
289,290,259,320,2.984009768613131
259,290,289,260,2.9869433973004607
260,290,259,291,3.026099643986232
290,291,260,321,2.9668779253326982
260,291,290,261,2.7993991198763046
261,291,260,292,3.1291245393268783
291,292,261,322,3.083347016900982
261,292,291,262,2.6525816761697727
262,292,261,293,2.9144290666311115
292,293,262,323,2.8948361877823743
262,293,292,263,1.3730138857497212
263,293,262,294,2.4515598995888674
293,294,263,324,2.6378057583861803
263,294,293,264,2.3101700151236098
264,294,263,295,2.944769774630094
294,295,264,325,2.9779761668911675
264,295,294,265,2.661270545682848
265,295,264,296,3.0248953226939443
295,296,265,326,2.9130825417715287
265,296,295,266,2.589080990431232
266,296,265,297,2.6194653901096654
296,297,266,327,2.37453805362791
266,297,296,267,3.1362190593274586
267,297,266,298,3.0994202933520287
297,298,267,328,2.2181995394147376
267,298,297,268,2.2075257997635744
268,298,267,299,2.0251253925130372
298,299,268,329,3.1314706830573513
268,299,298,269,3.0993800679773735
269,299,268,300,0.6212279913343515
299,300,269,330,3.0661009509465047
269,300,299,270,3.1330590246135914
270,300,269,301,2.3303755539510256
300,301,270,331,2.868480187369719
270,301,300,271,3.0462895247888797
271,301,270,302,2.9842771639297214
301,302,271,332,3.1246497072051187
271,302,301,272,3.1043040774158954
272,302,271,303,3.041970303785213
302,303,272,333,2.9555665107206446
272,303,302,273,3.051051150511399
273,303,272,304,2.924415510033534
303,304,273,334,2.9411739385669335
273,304,303,274,3.04510784927817
274,304,273,305,2.924574564864803
304,305,274,335,2.9623472090515865
274,305,304,275,3.057259627091645
275,305,274,306,2.919907677480981
305,306,275,336,2.978423427752021
275,306,305,276,3.0512710832852057
276,306,275,307,2.6584724131652937
306,307,276,337,2.927871927417301
276,307,306,277,2.99314725643182
277,307,276,308,2.411730673173228
307,308,277,338,2.9001446952998853
277,308,307,278,2.967504627406195
278,308,277,309,2.3507515252908187
308,309,278,339,2.916923476935049
280,310,279,311,3.07672917999821
310,311,280,341,2.9977067734981353
280,311,310,281,3.1313632054956364
281,311,280,312,3.1142380137204184
311,312,281,342,2.9787411368179355
281,312,311,282,3.123367634183093
282,312,281,313,3.135076519173891
312,313,282,343,3.007193816591188
282,313,312,283,3.1223352353415246
283,313,282,314,3.1235973147101594
313,314,283,344,3.020218836621462
283,314,313,284,3.1145593396148046
284,314,283,315,3.1220647297824398
314,315,284,345,3.0305398090715623
284,315,314,285,3.1325034568338745
285,315,284,316,3.1191200020238883
315,316,285,346,3.0605466649812914
285,316,315,286,3.126929687758942
286,316,285,317,3.051836912638
316,317,286,347,3.1352251703780847
286,317,316,287,3.1102851933951774
287,317,286,318,3.127946348616923
317,318,287,348,3.086817371511113
287,318,317,288,3.070915105355767
288,318,287,319,3.1017878490377715
318,319,288,349,3.055458201274593
288,319,318,289,3.035221502276955
289,319,288,320,3.120287187831396
319,320,289,350,3.083337057451163
289,320,319,290,3.101915422065738
290,320,289,321,3.0502591462949424
320,321,290,351,3.126954616702955
290,321,320,291,3.0040770531437193
291,321,290,322,2.8296224330508783
321,322,291,352,3.0423054334589184
291,322,321,292,3.027179986702088
292,322,291,323,3.0979802886868573
322,323,292,353,3.1258249741002078
292,323,322,293,2.8429689058402383
293,323,292,324,2.9680341119403604
323,324,293,354,2.8822179398752485
293,324,323,294,1.717324942452541
294,324,293,325,2.100507071262232
324,325,294,355,2.1964392473428003
294,325,324,295,2.874837480689973
295,325,294,326,2.7092651667386902
325,326,295,356,2.4668066911493156
295,326,325,296,3.046248211099619
296,326,295,327,2.881190447973942
326,327,296,357,3.020638354165144
296,327,326,297,3.1216934999970727
297,327,296,328,2.8769759783345674
327,328,297,358,3.035489185369854
297,328,327,298,2.973334747634299
298,328,297,329,1.196309175885157
328,329,298,359,2.7132082506496693
298,329,328,299,2.5730167625829936
299,329,298,330,0.5738346857142825
329,330,299,360,3.0693939376899744
299,330,329,300,3.1169888768075165
300,330,299,331,2.03466244357179
330,331,300,361,2.9915666985146485
300,331,330,301,2.9245891687480188
301,331,300,332,2.8896494853182615
331,332,301,362,2.3879683426633007
301,332,331,302,2.9489243342823883
302,332,301,333,2.8017766629442784
332,333,302,363,2.679647657422342
302,333,332,303,3.007590699833588
303,333,302,334,2.9043875892424356
333,334,303,364,2.848775094960431
303,334,333,304,3.037624647514886
304,334,303,335,2.955088370150873
334,335,304,365,2.960416805652779
304,335,334,305,3.067891450839506
305,335,304,336,2.942994611016313
335,336,305,366,3.021007997004749
305,336,335,306,3.0741432456700672
306,336,305,337,2.5851625669245313
336,337,306,367,2.934367283383697
306,337,336,307,2.997442096981158
307,337,306,338,2.3701002004229745
337,338,307,368,2.893427348268919
307,338,337,308,2.9610569940686435
308,338,307,339,2.375550893896787
338,339,308,369,2.941408196660996
308,339,338,309,2.9859260098508402
309,339,308,340,2.5879223414764776
339,340,309,370,3.030934206180732
311,341,310,342,3.0875576438253414
341,342,311,372,2.974988776308458
311,342,341,312,3.1298479670684545
312,342,311,343,3.1051988859311415
342,343,312,373,3.013701837166631
312,343,342,313,3.129839942903374
313,343,312,344,3.1054872455778018
343,344,313,374,3.0199394831579847
313,344,343,314,3.1096854787614094
314,344,313,345,3.1077175073113907
344,345,314,375,3.0085775724149557
314,345,344,315,3.1043269122062696
315,345,314,346,3.1204442291663277
345,346,315,376,3.0130097053473954
315,346,345,316,3.103549728938284
316,346,315,347,3.1110194085161726
346,347,316,377,3.0304541495373423
316,347,346,317,3.0428568700560623
317,347,316,348,3.0826528781391485
347,348,317,378,3.03180497723509
317,348,347,318,3.121282440121229
318,348,317,349,3.1346013780866504
348,349,318,379,3.088022199554887
318,349,348,319,3.102419040246757
319,349,318,350,3.081821887366188
349,350,319,380,3.135512511995207
319,350,349,320,3.007747383310799
320,350,319,351,3.131214466474317
350,351,320,381,3.055721394162908
320,351,350,321,3.030710107298879
321,351,320,352,2.9518916289347286
351,352,321,382,3.059566066724613
321,352,351,322,3.090285198042222
322,352,321,353,2.938360715447043
352,353,322,383,3.06991426881017
322,353,352,323,3.136295884737362
323,353,322,354,2.9686853295486455
353,354,323,384,3.0749553418473012
323,354,353,324,3.0880718007284846
324,354,323,355,2.9978470108566357
354,355,324,385,3.078162648677839
324,355,354,325,2.4653032224015883
325,355,324,356,3.0972872279844954
355,356,325,386,3.1242862815697623
325,356,355,326,3.1141211396699653
326,356,325,357,2.591459927024218
356,357,326,387,2.939085548359256
326,357,356,327,2.490380660460401
327,357,326,358,2.894012887654087
357,358,327,388,3.0371179780465707
327,358,357,328,3.1139274565678754
328,358,327,359,1.5984847046784967
358,359,328,389,2.6626695084404237
328,359,358,329,2.728996462797754
329,359,328,360,1.3394102691928764
359,360,329,390,3.0757451953377086
329,360,359,330,2.966190908457978
330,360,329,361,2.3395082682550687
360,361,330,391,2.929154168837485
330,361,360,331,2.9561778504360783
331,361,330,362,1.9789267941162207
361,362,331,392,2.9619997560504627
331,362,361,332,2.6386270092464486
332,362,331,363,3.0666013032829325
362,363,332,393,3.110376038124521
332,363,362,333,3.032792614434551
333,363,332,364,3.1359080210411925
363,364,333,394,3.1155825282678724
333,364,363,334,3.101782556176854
334,364,333,365,3.1131820047269967
364,365,334,395,3.089691499290004
334,365,364,335,3.130145390882988
335,365,334,366,3.0290842425127553
365,366,335,396,3.080989099458714
335,366,365,336,3.1286183088380386
336,366,335,367,2.4584228422301124
366,367,336,397,2.907319123199747
336,367,366,337,2.980513255454557
337,367,336,368,2.3082689144830897
367,368,337,398,2.868582123321808
337,368,367,338,2.9497387524624092
338,368,337,369,2.445811763180659
368,369,338,399,2.9900603570166195
338,369,368,339,3.0129484990370026
339,369,338,370,2.7168381027478943
369,370,339,400,3.122229848871178
339,370,369,340,3.079317717420694
340,370,339,371,3.13601371613856
370,371,340,401,3.0562849700976704
342,372,341,373,3.0506014466534896
372,373,342,403,3.0079915416890946
342,373,372,343,3.1133003089947016
343,373,342,374,3.0967434635269204
373,374,343,404,3.0021205893024008
343,374,373,344,3.1240876505949178
344,374,343,375,3.123402333337023
374,375,344,405,2.9869401312483195
344,375,374,345,3.120909188069536
345,375,344,376,3.1142288081854703
375,376,345,406,2.9707293816050404
345,376,375,346,3.0999711642961425
346,376,345,377,3.086419980852011
376,377,346,407,2.931269027581782
346,377,376,347,3.086236806235444
347,377,346,378,3.0805842764059244
377,378,347,408,2.9434798359764107
347,378,377,348,3.041446693881841
348,378,347,379,3.0568158239840817
378,379,348,409,2.973039361565662
348,379,378,349,3.065445550440286
349,379,348,380,3.1298274220680593
379,380,349,410,3.042573167179535
349,380,379,350,3.129755928903204
350,380,349,381,3.026365937566614
380,381,350,411,3.0520520124025934
350,381,380,351,3.095845810474633
351,381,350,382,2.9566686990003297
381,382,351,412,3.0541649227457173
351,382,381,352,3.0274680686569275
352,382,351,383,3.128252317749711
382,383,352,413,3.0879097728417393
352,383,382,353,3.039094003013385
353,383,352,384,2.962074180790712
383,384,353,414,3.05988697455446
353,384,383,354,3.135840519971598
354,384,353,385,2.993103709540176
384,385,354,415,3.097774869794982
354,385,384,355,3.091474338972063
355,385,354,386,3.026991139317981
385,386,355,416,3.0718812471439088
355,386,385,356,2.5155279020469132
356,386,355,387,2.8978335507224435
386,387,356,417,2.936600409197744
356,387,386,357,2.954167457318349
357,387,356,388,2.9632603647979443
387,388,357,418,2.9843582708020797
357,388,387,358,2.1922132287104517
358,388,357,389,2.3504156832248944
388,389,358,419,2.179701458815089
358,389,388,359,2.689324346871725
359,389,358,390,2.2025152873669422
389,390,359,420,2.7504590859579783
359,390,389,360,2.8645176713420875
360,390,359,391,2.5243390755829136
390,391,360,421,2.8479134918272395
360,391,390,361,2.846235361979515
361,391,360,392,2.020734179653929
391,392,361,422,3.079071929906777
361,392,391,362,2.9809050551359335
362,392,361,393,2.8633321210929155
392,393,362,423,3.1302282002302086
362,393,392,363,2.781429263051574
363,393,362,394,3.129374518746401
393,394,363,424,3.08972225963635
363,394,393,364,3.0269481884365925
364,394,363,395,3.076746587567695
394,395,364,425,2.844061439183797
364,395,394,365,3.1270438380552714
365,395,364,396,3.016686926112317
395,396,365,426,3.0694681956792773
365,396,395,366,3.136363604244551
366,396,365,397,2.201639702413636
396,397,366,427,2.8318564915020326
366,397,396,367,2.9383368407779873
367,397,366,398,2.2488325062600913
397,398,367,428,2.8019764037240398
367,398,397,368,2.933966794722797
368,398,367,399,2.6211651262912636
398,399,368,429,3.0450265245326644
368,399,398,369,3.0774083185101477
369,399,368,400,2.905504307220756
399,400,369,430,2.987560224389949
369,400,399,370,3.1338016641086885
370,400,369,401,2.9921979389092495
400,401,370,431,2.8362584136273337
370,401,400,371,3.0995003089685484
371,401,370,402,3.009839947541963
401,402,371,432,2.7194195522298545
373,403,372,404,3.1050378445473266
403,404,373,434,3.095596702213608
373,404,403,374,3.118930943057843
374,404,373,405,3.1351918290246994
404,405,374,435,3.0549631347466106
374,405,404,375,3.1363363392689982
375,405,374,406,3.1352057388937173
405,406,375,436,3.0821246903952666
375,406,405,376,3.135362955837902
376,406,375,407,3.13652382955511
406,407,376,437,3.1153867708939686
376,407,406,377,3.1362902881131354
377,407,376,408,3.063193406862453
407,408,377,438,3.1215659379516905
377,408,407,378,3.0741539837335945
378,408,377,409,3.0146104480294293
408,409,378,439,3.0632166781943924
378,409,408,379,3.01178549834365
379,409,378,410,3.0320120361552965
409,410,379,440,3.0028022613408707
379,410,409,380,2.995883142230642
380,410,379,411,3.0123221472434625
410,411,380,441,2.998416246702083
380,411,410,381,3.1204673459879184
381,411,380,412,2.9544363146244605
411,412,381,442,3.068651867547989
381,412,411,382,3.096590558773977
382,412,381,413,2.957014242508293
412,413,382,443,3.118945366892658
382,413,412,383,3.1155648530343276
383,413,382,414,2.9236720354685692
413,414,383,444,3.0719105859979186
383,414,413,384,3.0659908841334382
384,414,383,415,3.1144905866731363
414,415,384,445,3.076162871513889
384,415,414,385,3.0194137057880046
385,415,384,416,3.0627811030760372
415,416,385,446,3.031516414947501
385,416,415,386,3.066339845515113
386,416,385,417,2.985703219730142
416,417,386,447,3.117459273249713
386,417,416,387,2.7973343590017374
387,417,386,418,2.898799440028755
417,418,387,448,2.9367867725852586
387,418,417,388,2.9999451124696885
388,418,387,419,2.7218849337608026
418,419,388,449,3.092663116969188
388,419,418,389,2.9889354486046775
389,419,388,420,3.054979536565328
419,420,389,450,3.1050092104501967
389,420,419,390,2.920323529700181
390,420,389,421,2.815636227142087
420,421,390,451,2.9640824470995697
390,421,420,391,2.2143140580531244
391,421,390,422,2.367890799487109
421,422,391,452,2.223084721621632
391,422,421,392,3.1057482574968254
392,422,391,423,2.7917988239657237
422,423,392,453,2.8917736012989836
392,423,422,393,3.0305332307098567
393,423,392,424,3.092580114348696
423,424,393,454,2.6145843284791157
393,424,423,394,2.739097007191364
394,424,393,425,2.7269630484133036
424,425,394,455,2.467820161895948
394,425,424,395,3.0049267644398703
395,425,394,426,2.9453185968605595
425,426,395,456,3.0129011531697167
395,426,425,396,2.9022477635701263
396,426,395,427,1.8370740317976473
426,427,396,457,2.742966375452902
396,427,426,397,2.8606679645148465
397,427,396,428,2.200653014633479
427,428,397,458,3.068525481292819
397,428,427,398,2.8977564260677497
398,428,397,429,2.968887564572156
428,429,398,459,2.664976103376319
398,429,428,399,3.09735701323908
399,429,398,430,3.0237844005416443
429,430,399,460,2.536893879123599
399,430,429,400,2.955578579933118
400,430,399,431,2.77690271446349
430,431,400,461,2.5752335906330543
400,431,430,401,2.9813036512409514
401,431,400,432,2.843454681621055
431,432,401,462,2.6166183519205286
401,432,431,402,2.9792299482580233
402,432,401,433,2.8438093677988796
432,433,402,463,2.6923405789688197
404,434,403,435,3.0798003788459516
434,435,404,465,2.944442030679532
404,435,434,405,3.122433184083905
405,435,404,436,3.0988242382063373
435,436,405,466,2.8655872929651727
405,436,435,406,3.1123678171728737
406,436,405,437,3.094792366012171
436,437,406,467,2.8298680863741255
406,437,436,407,3.1040721421160278
407,437,406,438,3.054276896702843
437,438,407,468,2.8100915284220314
407,438,437,408,3.1320715179957053
408,438,407,439,3.0976926063629833
438,439,408,469,2.7669672240984795
408,439,438,409,3.131765553462671
409,439,408,440,3.1175673005826834
439,440,409,470,2.712086886737497
409,440,439,410,3.0722131707777587
410,440,409,441,3.0193464306651245
440,441,410,471,2.7159931468921137
410,441,440,411,3.0003122124475654
411,441,410,442,2.8558407337373057
441,442,411,472,2.829479058205579
411,442,441,412,3.0519124586389488
412,442,411,443,2.887233037407109
442,443,412,473,2.949384516016623
412,443,442,413,3.135570921388082
413,443,412,444,2.9908548728397477
443,444,413,474,3.050542374791893
413,444,443,414,3.1185162091958962
414,444,413,445,2.9791765147942746
444,445,414,475,3.0499309844637073
414,445,444,415,3.0828403897638275
415,445,414,446,3.0017422310340702
445,446,415,476,3.0516809275810752
415,446,445,416,3.0629588119261686
416,446,415,447,3.1050448286912222
446,447,416,477,3.0654175589062906
416,447,446,417,2.98065037630035
417,447,416,448,3.1220414148725792
447,448,417,478,2.9468734413526576
417,448,447,418,2.9814190114926573
418,448,417,449,3.083020514912447
448,449,418,479,2.980755196965186
418,449,448,419,3.0212252362934446
419,449,418,450,3.0350984002140438
449,450,419,480,3.070591125981888
419,450,449,420,3.003622257858594
420,450,419,451,3.120265300725067
450,451,420,481,3.0439097298584707
420,451,450,421,3.132468729842215
421,451,420,452,2.794924230274668
451,452,421,482,2.948215522358729
421,452,451,422,2.9567253606271287
422,452,421,453,2.5080313789257977
452,453,422,483,3.1355001469782784
422,453,452,423,2.4432729927467483
423,453,422,454,2.79505690180483
453,454,423,484,2.920647752139417
423,454,453,424,2.9676720622908004
424,454,423,455,2.944303894128885
454,455,424,485,2.358098889410646
424,455,454,425,2.8795904455042596
425,455,424,456,2.5326187714759847
455,456,425,486,2.293036792194073
425,456,455,426,2.459260279750611
426,456,425,457,1.0351372973601478
456,457,426,487,2.9946121007204107
426,457,456,427,2.7627751397998273
427,457,426,458,2.8777625774543267
457,458,427,488,2.350357824514431
427,458,457,428,2.9315468201297086
428,458,427,459,2.7410308041037217
458,459,428,489,2.3544566518642944
428,459,458,429,2.978094709269406
429,459,428,460,2.8415657963141365
459,460,429,490,2.361973842449544
429,460,459,430,2.9648548203331178
430,460,429,461,2.8333259254117715
460,461,430,491,2.422578938295555
430,461,460,431,3.0011625526473074
431,461,430,462,2.9030908301465623
461,462,431,492,2.4796490551244776
431,462,461,432,3.025614261942844
432,462,431,463,2.952241674086152
462,463,432,493,2.536821033874958
432,463,462,433,3.0588865324064063
433,463,432,464,3.01052775237091
463,464,433,494,2.575765882769549
435,465,434,466,2.987158433616887
465,466,435,496,2.5773179019767563
435,466,465,436,3.0799388136413572
436,466,435,467,3.044259300606501
466,467,436,497,2.5094162308042973
436,467,466,437,3.0760206324217143
437,467,436,468,3.0262189531750665
467,468,437,498,2.4408742486794193
437,468,467,438,3.0836223504455247
438,468,437,469,3.036832978053852
468,469,438,499,2.362902031357716
438,469,468,439,3.0895836133844097
439,469,438,470,3.0404283959522282
469,470,439,500,2.274175186291836
439,470,469,440,3.0780746125940794
440,470,439,471,3.024996802052629
470,471,440,501,2.184546882944381
440,471,470,441,3.0767391523820837
441,471,440,472,3.0176222807735122
471,472,441,502,2.066927403972087
441,472,471,442,3.1187507583897114
442,472,441,473,3.058034197179754
472,473,442,503,1.858474683176777
442,473,472,443,3.10729274713022
443,473,442,474,3.132615581055451
473,474,443,504,1.5429612838364943
443,474,473,444,3.044379554123864
444,474,443,475,3.0464609473736934
474,475,444,505,1.6966257010153356
444,475,474,445,2.937524318950482
445,475,444,476,2.998543685127199
475,476,445,506,2.413299187117347
445,476,475,446,3.081345488340491
446,476,445,477,2.8726193401275135
476,477,446,507,2.888237531573839
446,477,476,447,3.055449918146525
447,477,446,478,2.9593711695292444
477,478,447,508,2.8723419998849957
447,478,477,448,3.0989705344309413
448,478,447,479,3.132779892637794
478,479,448,509,3.123103438628127
448,479,478,449,2.9442743807513443
449,479,448,480,3.1185524956996464
479,480,449,510,3.071860218985376
449,480,479,450,2.927408744901495
450,480,449,481,3.1190229162257546
480,481,450,511,2.9366055435178944
450,481,480,451,3.0329206165592013
451,481,450,482,3.0850323698389523
481,482,451,512,2.9063836954796622
451,482,481,452,2.850755978372219
452,482,451,483,2.7898364477576107
482,483,452,513,2.5429901318872994
452,483,482,453,3.1236336052279463
453,483,452,484,3.0925937739919895
483,484,453,514,2.4291379641904616
453,484,483,454,2.235016360996126
454,484,453,485,2.10651650328631
484,485,454,515,1.6151520804200414
454,485,484,455,2.6614839794430836
455,485,454,486,2.4350821134017866
485,486,455,516,1.1335277029247004
455,486,485,456,2.8016624683239093
456,486,455,487,2.5845937470999516
486,487,456,517,0.7717982493172526
456,487,486,457,2.5664839117212197
457,487,456,488,2.4791050402932346
487,488,457,518,1.203273353641491
457,488,487,458,2.8517587491690572
458,488,457,489,2.7468381172097125
488,489,458,519,1.5429586097543357
458,489,488,459,2.937100092266389
459,489,458,490,2.8519696953188167
489,490,459,520,1.8173351551553103
459,490,489,460,2.985672335290139
460,490,459,491,2.9195186542658886
490,491,460,521,2.042273862935063
460,491,490,461,3.0284695852229704
461,491,460,492,2.9838593590545086
491,492,461,522,2.2202918901923585
461,492,491,462,3.05879650797277
462,492,461,493,3.0330273496797284
492,493,462,523,2.355599745945788
462,493,492,463,3.082686400653656
463,493,462,494,3.0654670936915585
493,494,463,524,2.457735538651222
463,494,493,464,3.0976283495291623
464,494,463,495,3.0792652780778664
494,495,464,525,2.5466498458422575
466,496,465,497,2.947817489137454
496,497,466,527,2.3680477666920243
466,497,496,467,3.0090460128488226
467,497,466,498,2.9286205320308363
497,498,467,528,2.4217093931488276
467,498,497,468,3.0042802464591225
468,498,467,499,2.925614367644708
498,499,468,529,2.469956880291836
468,499,498,469,2.999512843104107
469,499,468,500,2.9139408744968756
499,500,469,530,2.5133909447079734
469,500,499,470,2.9934552470168745
470,500,469,501,2.8974170119327547
500,501,470,531,2.5572711346194215
470,501,500,471,2.982888064138722
471,501,470,502,2.8497617659277537
501,502,471,532,2.6206261176682215
471,502,501,472,2.949102320834042
472,502,471,503,2.7592152385263886
502,503,472,533,2.706339327602052
472,503,502,473,2.882941793282675
473,503,472,504,2.6798367937394763
503,504,473,534,2.984391563368447
473,504,503,474,2.813848170453912
474,504,473,505,2.825420962326893
504,505,474,535,2.916703521355947
474,505,504,475,2.923276663306684
475,505,474,506,2.1739943959855257
505,506,475,536,3.090956109012976
475,506,505,476,2.2916168671859096
476,506,475,507,2.727807287038965
506,507,476,537,2.7864502640862363
476,507,506,477,2.7312443601828877
477,507,476,508,2.9347624424375223
507,508,477,538,3.0775807162687108
477,508,507,478,3.035622194798583
478,508,477,509,2.785935818670915
508,509,478,539,3.0063286206914004
478,509,508,479,2.846389294789498
479,509,478,510,3.0945964662455214
509,510,479,540,3.0635146368905986
479,510,509,480,2.994023395157488
480,510,479,511,2.923289872683433
510,511,480,541,3.1168325571187467
480,511,510,481,3.0700896740806423
481,511,480,512,3.1282823821828396
511,512,481,542,2.950636871293048
481,512,511,482,3.0627951493396353
482,512,481,513,2.9766760392680496
512,513,482,543,3.0589587176824504
482,513,512,483,3.0774520711013995
483,513,482,514,2.931776036110976
513,514,483,544,3.085190322631476
483,514,513,484,3.010710457761669
484,514,483,515,2.909146352046641
514,515,484,545,3.0322378058313406
484,515,514,485,2.9697899578655282
485,515,484,516,3.1361531948503023
515,516,485,546,3.074519619445054
485,516,515,486,3.0202298356975703
486,516,485,517,3.1077379662300486
516,517,486,547,3.0083151333678537
486,517,516,487,3.0317891172522202
487,517,486,518,3.120743822924275
517,518,487,548,2.996926618055859
487,518,517,488,2.996041277964535
488,518,487,519,3.0503713207881895
518,519,488,549,2.8120207765139713
488,519,518,489,3.03562976483417
489,519,488,520,3.0413214860873774
519,520,489,550,2.6663237452953577
489,520,519,490,3.0526704555765933
490,520,489,521,3.0448945827862146
520,521,490,551,2.5620303443654904
490,521,520,491,3.0657374224994114
491,521,490,522,3.047331211961916
521,522,491,552,2.4901434514766807
491,522,521,492,3.0744786591285456
492,522,491,523,3.0586424995685975
522,523,492,553,2.430142984463513
492,523,522,493,3.0880497274139995
493,523,492,524,3.0729753987257955
523,524,493,554,2.389285869219379
493,524,523,494,3.097925985223725
494,524,493,525,3.0777436929467488
524,525,494,555,2.3509877061677433
494,525,524,495,3.09672727761919
495,525,494,526,3.074510233259174
525,526,495,556,2.2968040506676197
497,527,496,528,3.005337147830996
527,528,497,558,2.746933341143114
497,528,527,498,3.0672964348394287
498,528,497,529,2.994793442080771
528,529,498,559,2.747250520457733
498,529,528,499,3.0569755407431534
499,529,498,530,2.9760510905121724
529,530,499,560,2.8075749488430812
499,530,529,500,3.045661370787798
500,530,499,531,2.959920114883222
530,531,500,561,2.8890772394281328
500,531,530,501,3.0394754030452713
501,531,500,532,2.940113975090419
531,532,501,562,2.9950861157852517
501,532,531,502,3.049179378093744
502,532,501,533,2.8826102022866213
532,533,502,563,3.120824139072075
502,533,532,503,3.040438540020439
503,533,502,534,3.0792539879977894
533,534,503,564,3.0393493158874207
503,534,533,504,3.1057077354246427
504,534,503,535,2.2893825722302967
534,535,504,565,3.111017893643925
504,535,534,505,3.0901044372854662
505,535,504,536,2.56641012928907
535,536,505,566,3.0360479666677183
505,536,535,506,3.081000404504328
506,536,505,537,3.1026230172202136
536,537,506,567,3.0527160239738778
506,537,536,507,2.6052301319329576
507,537,506,538,2.7340622296833583
537,538,507,568,2.569917219023492
507,538,537,508,2.302595430830006
508,538,507,539,3.0632906705760834
538,539,508,569,2.9337424774276277
508,539,538,509,2.841936054592457
509,539,508,540,2.876933097741792
539,540,509,570,3.1196666620693065
509,540,539,510,2.6265114371326104
510,540,509,541,2.782672387365739
540,541,510,571,2.176895885950465
510,541,540,511,3.092519086404341
511,541,510,542,2.919996698916216
541,542,511,572,2.7997146027181556
511,542,541,512,3.0413793591530136
512,542,511,543,3.126713230989953
542,543,512,573,2.9382898153183103
512,543,542,513,2.954772704005015
513,543,512,544,3.125286184759541
543,544,513,574,2.9684914863785172
513,544,543,514,3.0661649106327866
514,544,513,545,2.9853455038682317
544,545,514,575,3.059018461953153
514,545,544,515,3.0637359777592477
515,545,514,546,2.8923658234032144
545,546,515,576,3.0534004819148333
515,546,545,516,3.1360152141181716
516,546,515,547,3.0815791318899204
546,547,516,577,3.067724875369143
516,547,546,517,3.085854324695274
517,547,516,548,3.104753407760237
547,548,517,578,3.1279421089268586
517,548,547,518,3.043116176789943
518,548,517,549,2.9705928174863314
548,549,518,579,2.847321291376349
518,549,548,519,3.101580620874794
519,549,518,550,3.0351863630514164
549,550,519,580,2.749276988859259
519,550,549,520,3.1013999107952137
520,550,519,551,3.090090844993854
550,551,520,581,2.697142380933424
520,551,550,521,3.1259045759242956
521,551,520,552,3.132286850178429
551,552,521,582,2.6903999096814992
521,552,551,522,3.1340134050364
522,552,521,553,3.1360673910760983
552,553,522,583,2.727685136440515
522,553,552,523,3.1312262842833523
523,553,522,554,3.130070937563458
553,554,523,584,2.755370928757383
523,554,553,524,3.12548451717415
524,554,523,555,3.131016179246024
554,555,524,585,2.759040219381516
524,555,554,525,3.132258110727319
525,555,524,556,3.130592742236718
555,556,525,586,2.729356673029229
525,556,555,526,3.1318244296188555
526,556,525,557,3.1199403386957614
556,557,526,587,2.7165643430174655
528,558,527,559,2.99512125024035
558,559,528,589,2.8894039017638713
528,559,558,529,3.0671327981583616
529,559,528,560,3.0615548999182782
559,560,529,590,2.930528587382163
529,560,559,530,3.1179969404377115
530,560,529,561,3.0753785660613686
560,561,530,591,3.0503004331532626
530,561,560,531,3.127583364635213
531,561,530,562,3.090167699621465
561,562,531,592,3.100641306633922
531,562,561,532,3.1344418905412272
532,562,531,563,3.060693642165155
562,563,532,593,3.092406658988729
532,563,562,533,3.1077971074323796
533,563,532,564,3.0311505753969064
563,564,533,594,3.1337378026465226
533,564,563,534,3.119906718887948
534,564,533,565,2.473806312210036
564,565,534,595,3.071761363967596
534,565,564,535,3.0471204838184183
535,565,534,566,2.667255894996092
565,566,535,596,2.996041519430571
535,566,565,536,3.1249704645793166
536,566,535,567,3.12548001750597
566,567,536,597,2.9515983525776712
536,567,566,537,3.098139567292872
537,567,536,568,2.8516674030199405
567,568,537,598,3.1137156277957945
537,568,567,538,3.0892309205200807
538,568,537,569,2.466325614631432
568,569,538,599,3.116500496510378
538,569,568,539,1.901639898809628
539,569,538,570,2.617169436090227
569,570,539,600,2.707345870187931
539,570,569,540,3.0233072860080603
540,570,539,571,1.2831362783145612
570,571,540,601,2.559381687821798
540,571,570,541,2.4129245508846804
541,571,540,572,2.443477308061702
571,572,541,602,2.995933316662029
541,572,571,542,2.4937989547889
542,572,541,573,2.9626836640284098
572,573,542,603,2.9973335285254765
542,573,572,543,3.110691000220102
543,573,542,574,3.109113420163993
573,574,543,604,3.098942635475811
543,574,573,544,2.9233451241894253
544,574,543,575,3.1105333378059505
574,575,544,605,3.1137841853504575
544,575,574,545,2.9754733854326205
545,575,544,576,3.1305163361446575
575,576,545,606,3.0648216820058565
545,576,575,546,3.049135096424256
546,576,545,577,3.0613333925349124
576,577,546,607,3.0372939428775445
546,577,576,547,3.1233960091866493
547,577,546,578,3.0183883880905484
577,578,547,608,3.0512583721393782
547,578,577,548,3.1339396336942293
548,578,547,579,2.53113562649968
578,579,548,609,2.8811821040357635
548,579,578,549,2.9221339306266216
549,579,548,580,2.895638506440025
579,580,549,610,2.714383201143924
549,580,579,550,2.99974958751602
550,580,549,581,3.01645268535186
580,581,550,611,2.76725752423656
550,581,580,551,3.0481496006162008
551,581,550,582,3.1234701821440725
581,582,551,612,2.9119513390750207
551,582,581,552,3.119169887410922
552,582,551,583,3.0909554081932873
582,583,552,613,3.069414017886894
552,583,582,553,3.098536139272424
553,583,552,584,3.091786918484602
583,584,553,614,3.090339246113387
553,584,583,554,3.1047343183948493
554,584,553,585,3.1262446406307003
584,585,554,615,3.0776663953325003
554,585,584,555,3.121656421780695
555,585,554,586,3.0895800403541864
585,586,555,616,3.0809264050974083
555,586,585,556,3.1194407223106877
556,586,555,587,3.1021566270386165
586,587,556,617,3.1025630425815733
556,587,586,557,3.1199886097164145
557,587,556,588,3.1061488537306943
587,588,557,618,3.1063898264966188
559,589,558,590,3.119253807164324
589,590,559,620,3.1306743024245067
559,590,589,560,3.107955817424872
560,590,559,591,3.0378854522076963
590,591,560,621,3.1299391788409596
560,591,590,561,3.045023679673621
561,591,560,592,3.1208277123568555
591,592,561,622,3.1092976130939696
561,592,591,562,3.1040034662322347
562,592,561,593,3.048718274516552
592,593,562,623,3.090882558911364
562,593,592,563,3.135476586269405
563,593,562,594,2.9697514682611326
593,594,563,624,3.120035675158778
563,594,593,564,3.063917413779185
564,594,563,595,2.564170842667435
594,595,564,625,3.1191504081112504
564,595,594,565,3.098158445070549
565,595,564,596,2.773638341902948
595,596,565,626,3.0966314712144714
565,596,595,566,2.9719252741206055
566,596,565,597,3.0633385751050146
596,597,566,627,3.0061763627768494
566,597,596,567,3.0828746896479498
567,597,566,598,3.122108010718462
597,598,567,628,2.9605075679797257
567,598,597,568,2.9658077942702
568,598,567,599,2.4709241884864066
598,599,568,629,3.0991941187270786
568,599,598,569,3.0927786095282266
569,599,568,600,2.959638926770514
599,600,569,630,3.1291192418242932
569,600,599,570,2.38923724674125
570,600,569,601,0.7770807462571426
600,601,570,631,2.9730576429866957
570,601,600,571,2.418669240611157
571,601,570,602,1.5649129027832924
601,602,571,632,2.3958371895464907
571,602,601,572,2.9644764889197277
572,602,571,603,2.909461904821297
602,603,572,633,2.6914883946631107
572,603,602,573,2.7834878007900836
573,603,572,604,2.9639902278564056
603,604,573,634,2.823213091647365
573,604,603,574,3.0094162753891616
574,604,573,605,3.0688882080003004
604,605,574,635,2.9786874917571575
574,605,604,575,2.8499723596139512
575,605,574,606,2.9869424217227185
605,606,575,636,3.0604845970922563
575,606,605,576,3.0789877531808623
576,606,575,607,3.0221825712169883
606,607,576,637,3.133212471594336
576,607,606,577,3.0765825418041204
577,607,576,608,3.0373783352934822
607,608,577,638,3.1279911252516293
577,608,607,578,3.1351018276467006
578,608,577,609,3.01365259235296
608,609,578,639,3.1036794911163943
578,609,608,579,2.810946948408306
579,609,578,610,3.131645009350804
609,610,579,640,3.048579321540747
579,610,609,580,3.086639570658171
580,610,579,611,2.940777221229814
610,611,580,641,3.0170576179607167
580,611,610,581,2.948360654307791
581,611,580,612,2.918171640602777
611,612,581,642,2.8896019255436087
581,612,611,582,2.9044953443669463
582,612,581,613,2.9688754687998973
612,613,582,643,2.8839272766671913
582,613,612,583,2.9622191755624394
583,613,582,614,3.0171223765036372
613,614,583,644,2.899214757324208
583,614,613,584,3.0612660295730443
584,614,583,615,3.135554990222751
614,615,584,645,3.001644810145859
584,615,614,585,3.117300301692009
585,615,584,616,3.0941491444831803
615,616,585,646,3.090578842742788
585,616,615,586,3.118693519365259
586,616,585,617,3.131785877793321
616,617,586,647,3.120132647204849
586,617,616,587,3.136594872499223
587,617,586,618,3.111518219221031
617,618,587,648,3.1201372854033207
587,618,617,588,3.1236811737197
588,618,587,619,3.1163012068955274
618,619,588,649,3.1065582198063617
590,620,589,621,3.0367430888019764
620,621,590,651,3.1281291524633508
590,621,620,591,3.108737747062136
591,621,590,622,3.1012649758623994
621,622,591,652,3.133491558357593
591,622,621,592,3.0875370103682283
592,622,591,623,3.1177897788634286
622,623,592,653,3.124163295284392
592,623,622,593,3.0220357839100354
593,623,592,624,3.0109003221132182
623,624,593,654,3.120099441291589
593,624,623,594,3.1086203973612583
594,624,593,625,2.626638226894362
624,625,594,655,3.1328872806679855
594,625,624,595,3.109007307890478
595,625,594,626,2.8096367829693483
625,626,595,656,3.133263157180724
595,626,625,596,3.0705451807823536
596,626,595,627,2.9664696699887845
626,627,596,657,3.034323327510824
596,627,626,597,3.131552976952427
597,627,596,628,3.05831019867253
627,628,597,658,2.941724580643634
597,628,627,598,3.126559515315316
598,628,597,629,2.674927985858654
628,629,598,659,2.9929503842817624
598,629,628,599,3.1153573403454575
599,629,598,630,2.885848942796853
629,630,599,660,3.1053352467427158
599,630,629,600,3.136102215789594
600,630,599,631,0.5600346392185719
630,631,600,661,3.099403846485164
600,631,630,601,2.203091492774067
601,631,600,632,2.1000062745031407
631,632,601,662,2.494984456133692
601,632,631,602,2.151271579873858
602,632,601,633,2.955145734113352
632,633,602,663,2.662008104594848
602,633,632,603,3.023280895142721
603,633,602,634,2.769429848146352
633,634,603,664,3.039567520890938
603,634,633,604,2.65141889929325
604,634,603,635,2.8449334405791675
634,635,604,665,2.7171790508256883
604,635,634,605,2.8550306193116777
605,635,604,636,2.946861421075582
635,636,605,666,2.1854730759651146
605,636,635,606,2.603132385152009
606,636,605,637,2.917976446288456
636,637,606,667,2.9175156321606575
606,637,636,607,3.1290289682709918
607,637,606,638,3.0100242077525863
637,638,607,668,3.125805125559646
607,638,637,608,3.0962192214880893
608,638,607,639,3.0841019560760237
638,639,608,669,3.0824872497769373
608,639,638,609,3.0954433163263055
609,639,608,640,2.9487295826725424
639,640,609,670,3.0480188888275954
609,640,639,610,2.9412417642784683
610,640,609,641,3.0364937480949936
640,641,610,671,3.098044796242249
610,641,640,611,2.9800435817759183
611,641,610,642,3.099141900671956
641,642,611,672,3.0126576528949918
611,642,641,612,3.075179318817903
612,642,611,643,2.9766077256981074
642,643,612,673,3.127335194586254
612,643,642,613,2.9104370315866164
613,643,612,644,2.995389111030495
643,644,613,674,3.0221004093913937
613,644,643,614,2.946768678778245
614,644,613,645,2.9928819004154046
644,645,614,675,2.9535087948930654
614,645,644,615,2.958891044964517
615,645,614,646,2.968108467088837
645,646,615,676,2.8916470529849274
615,646,645,616,3.0760770932115005
616,646,615,647,3.090614970493901
646,647,616,677,2.9385699299866594
616,647,646,617,3.1325938056438307
617,647,616,648,3.1114942702341666
647,648,617,678,3.00362978116049
617,648,647,618,3.1365914055906017
618,648,617,649,3.1343058383230162
648,649,618,679,3.0447491831715783
618,649,648,619,3.135564692227258
619,649,618,650,3.0977679890130676
649,650,619,680,3.0629956978532347
621,651,620,652,3.109858144779483
651,652,621,682,3.1157864676183364
621,652,651,622,3.1147555088755436
622,652,621,653,3.131680861543698
652,653,622,683,3.0131386120491026
622,653,652,623,3.0979041239923393
623,653,622,654,3.0171705195792446
653,654,623,684,2.9839260004447348
623,654,653,624,3.0266939945873412
624,654,623,655,2.5890579830247527
654,655,624,685,3.0876402099464935
624,655,654,625,3.1327439953937706
625,655,624,656,2.831339706492349
655,656,625,686,3.1263603751309343
625,656,655,626,3.125506041937047
626,656,625,657,2.8056847007308714
656,657,626,687,3.0723916266134013
626,657,656,627,3.098418286654771
627,657,626,658,2.9270730756393863
657,658,627,688,3.095846723368801
627,658,657,628,3.040315705955512
628,658,627,659,3.1145943537264653
658,659,628,689,3.0889914035384494
628,659,658,629,2.7804581129775734
629,659,628,660,3.0445774461691397
659,660,629,690,3.0233000448125726
629,660,659,630,3.0042415219258998
630,660,629,661,0.611244173125324
660,661,630,691,3.0649117834109942
630,661,660,631,3.0733063681419526
631,661,630,662,2.7326388742717347
661,662,631,692,3.092100077245624
631,662,661,632,1.8090788624171068
632,662,631,663,1.5502110577014285
662,663,632,693,1.9761192452205907
632,663,662,633,3.0678223311391113
633,663,632,664,2.9766983465757897
663,664,633,694,2.363920606335411
633,664,663,634,2.878756164174184
634,664,633,665,2.6902703978561484
664,665,634,695,2.814724772642103
634,665,664,635,3.107887504200893
635,665,634,666,2.568387103253563
665,666,635,696,3.033451392272238
635,666,665,636,2.8574293938065702
636,666,635,667,2.163742772045285
666,667,636,697,2.611607841806
636,667,666,637,1.83585833093408
637,667,636,668,2.977566632502104
667,668,637,698,2.871676962696198
637,668,667,638,2.943121172456306
638,668,637,669,3.0946834193754875
668,669,638,699,2.999384481665004
638,669,668,639,3.022505091962524
639,669,638,670,2.9967305960552086
669,670,639,700,3.1069460889893943
639,670,669,640,3.0620816256685455
640,670,639,671,3.0546452882912156
670,671,640,701,3.0693615281650293
640,671,670,641,3.077070888594114
641,671,640,672,2.9792619669387466
671,672,641,702,3.119101357497705
641,672,671,642,3.0647549258088285
642,672,641,673,3.136235363849635
672,673,642,703,3.135457483433873
642,673,672,643,3.0919216980352626
643,673,642,674,3.099293563379031
673,674,643,704,3.109047781255339
643,674,673,644,3.0434114747895746
644,674,643,675,3.090250596225638
674,675,644,705,3.078234083641202
644,675,674,645,3.015365060228998
645,675,644,676,3.0562929875453517
675,676,645,706,3.026945514172866
645,676,675,646,3.020380232214716
646,676,645,677,3.0243464506592703
676,677,646,707,2.9803591529254234
646,677,676,647,3.0290729722410203
647,677,646,678,3.0197039751462023
677,678,647,708,2.930877935242795
647,678,677,648,3.0690415656336762
648,678,647,679,3.077819996851584
678,679,648,709,2.9507408569482
648,679,678,649,3.1001714585380786
649,679,648,680,3.07203262197376
679,680,649,710,2.9715377221546473
649,680,679,650,3.1195899391199173
650,680,649,681,3.103864369539756
680,681,650,711,2.999289424037209
652,682,651,683,2.987266077203717
682,683,652,713,2.9891023564032664
652,683,682,653,3.06445547730064
653,683,652,684,2.9758342609488433
683,684,653,714,3.0489996865518822
653,684,683,654,3.0686303117641174
654,684,653,685,2.738348220312474
684,685,654,715,3.123589141048778
654,685,684,655,3.1335151738506353
655,685,654,686,2.8861687337345394
685,686,655,716,3.0954729505955325
655,686,685,656,3.0954622192374495
656,686,655,687,2.923527650523511
686,687,656,717,3.0854951918432687
656,687,686,657,3.073620673703849
657,687,656,688,2.8934944615848597
687,688,657,718,2.9889783072627822
657,688,687,658,3.0750029204848444
658,688,657,689,3.0272200650139904
688,689,658,719,2.9831695504615108
658,689,688,659,2.941656763899378
659,689,658,690,3.135086243083177
689,690,659,720,2.5227257894912802
659,690,689,660,2.8458604679205854
660,690,659,691,0.6925711776557545
690,691,660,721,2.655747184192485
660,691,690,661,3.076746123741494
661,691,660,692,2.909745019168722
691,692,661,722,2.8982047764759624
661,692,691,662,2.9477300801488067
662,692,661,693,2.2523427711211244
692,693,662,723,2.702538671052098
662,693,692,663,1.552990174841578
663,693,662,694,2.752761210337515
693,694,663,724,2.9642220315756003
663,694,693,664,2.853153913905197
664,694,663,695,2.9497165719571745
694,695,664,725,2.9155115800266524
664,695,694,665,2.938714192731649
665,695,664,696,3.1031255005391962
695,696,665,726,2.9850272368486586
665,696,695,666,2.7456739058131885
666,696,665,697,2.9734897548802084
696,697,666,727,2.9825592022309246
666,697,696,667,2.314809733999586
667,697,666,698,2.4463224807732624
697,698,667,728,2.7325201501313274
667,698,697,668,1.4868950958159346
668,698,667,699,2.910173279301027
698,699,668,729,2.8796277963983026
668,699,698,669,2.813786899434129
669,699,668,700,3.0371696510672526
699,700,669,730,2.9841792121899533
669,700,699,670,2.845520076516131
670,700,669,701,3.1070408324097
700,701,670,731,3.0915857356438123
670,701,700,671,3.0252180549490677
671,701,670,702,2.9083870181149454
701,702,671,732,3.003886922370282
671,702,701,672,3.126623416910873
672,702,671,703,3.113451365129672
702,703,672,733,2.946589649899417
672,703,702,673,3.082887794826596
673,703,672,704,3.1318906648697027
703,704,673,734,3.0119220038456342
673,704,703,674,3.1269501822714543
674,704,673,705,3.0580054534261043
704,705,674,735,3.047294770819498
674,705,704,675,3.1358840189528636
675,705,674,706,3.128273752073017
705,706,675,736,3.0526104879664246
675,706,705,676,3.0667348387720397
676,706,675,707,3.0905013464255426
706,707,676,737,3.0161947472177983
676,707,706,677,3.0667928311928927
677,707,676,708,3.0899801008962937
707,708,677,738,2.9843284067346834
677,708,707,678,3.0782525134311336
678,708,677,709,3.049998373756563
708,709,678,739,2.920241930695312
678,709,708,679,3.049023407584771
679,709,678,710,3.0427550582990435
709,710,679,740,2.840710336375424
679,710,709,680,3.0793239905196614
680,710,679,711,3.0647317171226947
710,711,680,741,2.7692182849694973
680,711,710,681,3.0923406917769665
681,711,680,712,3.0759700480373957
711,712,681,742,2.700022980474074
683,713,682,714,3.0606276468490945
713,714,683,744,2.9943917527287094
683,714,713,684,3.124358272419957
684,714,683,715,2.8927781951304823
714,715,684,745,3.11349284437773
684,715,714,685,3.1050863393110415
685,715,684,716,2.925818291073007
715,716,685,746,3.136564480184606
685,716,715,686,3.119700288070017
686,716,685,717,2.779740055070522
716,717,686,747,3.0544746991170926
686,717,716,687,3.0851163592450943
687,717,686,718,3.0965715253675996
717,718,687,748,3.1163197539475402
687,718,717,688,2.867601499808099
688,718,687,719,3.036280288152231
718,719,688,749,3.1359836298073263
688,719,718,689,3.080228506273146
689,719,688,720,2.4725122482054207
719,720,689,750,2.884285475554184
689,720,719,690,2.8615847820847145
690,720,689,721,0.40854780253166
720,721,690,751,3.0565881117889306
690,721,720,691,2.9842337984432232
691,721,690,722,3.0312863393770546
721,722,691,752,3.100460782440838
691,722,721,692,2.964256558497427
692,722,691,723,3.1362675693936533
722,723,692,753,3.1036043349553033
692,723,722,693,2.339948242144187
693,723,692,724,2.4816747229512988
723,724,693,754,2.7536023240828644
693,724,723,694,1.7329237703264695
694,724,693,725,3.019265191538003
724,725,694,755,3.125986981850862
694,725,724,695,2.9024006868452865
695,725,694,726,3.0046807119733208
725,726,695,756,3.0356383696984186
695,726,725,696,2.8693704933917736
696,726,695,727,2.9811728413306375
726,727,696,757,2.935135903202636
696,727,726,697,2.750472348671932
697,727,696,728,2.7520643685577646
727,728,697,758,2.4919588833777797
697,728,727,698,2.1094215585722407
698,728,697,729,2.5553255455339174
728,729,698,759,3.0809316192638496
698,729,728,699,1.2501211291698988
699,729,698,730,2.8803565046506137
729,730,699,760,2.9575724958034377
699,730,729,700,2.7059103125467168
700,730,699,731,3.022005736228701
730,731,700,761,3.0161810469176085
700,731,730,701,2.7368519245831475
701,731,700,732,3.113622461735913
731,732,701,762,3.0826009445768774
701,732,731,702,2.841401533045177
702,732,701,733,3.088211629517692
732,733,702,763,3.091772771731079
702,733,732,703,3.0699431125649292
703,733,702,734,3.04126128264514
733,734,703,764,3.0673993350197275
703,734,733,704,3.1336989283973127
704,734,703,735,3.108010752766945
734,735,704,765,3.0536232566052877
704,735,734,705,3.118956725202861
705,735,704,736,3.1211180663961993
735,736,705,766,2.9967820585466867
705,736,735,706,3.132088307567254
706,736,705,737,3.1365540497558637
736,737,706,767,3.030425629942646
706,737,736,707,3.103033877243644
707,737,706,738,3.133657591051793
737,738,707,768,3.0518075353761662
707,738,737,708,3.0984022133541385
708,738,707,739,3.1365369229402957
738,739,708,769,3.045567727495382
708,739,738,709,3.136560140650051
709,739,708,740,3.1267458615278434
739,740,709,770,3.01418150707576
709,740,739,710,3.1270230218973087
710,740,709,741,3.1164956973529274
740,741,710,771,3.000495002197071
710,741,740,711,3.131932757418627
711,741,710,742,3.108635782026382
741,742,711,772,3.007998125014813
711,742,741,712,3.120689294148547
712,742,711,743,3.098616936974246
742,743,712,773,2.98434934128717
714,744,713,745,3.1361342049276515
744,745,714,775,3.012491214696006
714,745,744,715,2.9837421377168645
715,745,714,746,2.8851639969379157
745,746,715,776,3.1265769439438738
715,746,745,716,3.1330977408517775
716,746,715,747,2.9023049130930065
746,747,716,777,3.090046021753599
716,747,746,717,3.0338722729908367
717,747,716,748,3.0280451119411764
747,748,717,778,3.1319108334821646
717,748,747,718,2.9735408577733975
718,748,717,749,3.077001517136646
748,749,718,779,2.7514310769236436
718,749,748,719,2.8383590379604104
719,749,718,750,2.103770528560347
749,750,719,780,2.906203570919534
719,750,749,720,2.936852059079347
720,750,719,751,0.9423312189627743
750,751,720,781,2.9621289147953314
720,751,750,721,3.009628933765105
721,751,720,752,2.9699286719752798
751,752,721,782,3.0886357986980677
721,752,751,722,3.0271837335780014
722,752,721,753,3.131979062082344
752,753,722,783,3.0486084935590894
722,753,752,723,2.96037727856733
723,753,722,754,3.0123739680351305
753,754,723,784,2.8783637953499484
723,754,753,724,1.978386455673568
724,754,723,755,2.557924137832485
754,755,724,785,2.8453026654714533
724,755,754,725,2.0518162834006324
725,755,724,756,3.132208001489606
755,756,725,786,3.1219669461011863
725,756,755,726,2.993440666991066
726,756,725,757,3.1249006862757347
756,757,726,787,3.1270661171019754
726,757,756,727,2.9706139700242615
727,757,726,758,2.89705023693514
757,758,727,788,3.1240278295709656
727,758,757,728,3.0929009026556775
728,758,727,759,1.939373873310189
758,759,728,789,2.8164660098355174
728,759,758,729,2.4767742812724105
729,759,728,760,3.062762476484633
759,760,729,790,2.7342538161098378
729,760,759,730,1.378795914182849
730,760,729,761,2.930872978699571
760,761,730,791,2.924594853229418
730,761,760,731,2.644148430402742
731,761,730,762,3.0172085225718064
761,762,731,792,3.0000590391093667
731,762,761,732,2.66889844450872
732,762,731,763,3.0765829187263543
762,763,732,793,3.06545482193876
732,763,762,733,2.8328380401510107
733,763,732,764,3.0674252590458795
763,764,733,794,3.073981167099748
733,764,763,734,2.946770306860611
734,764,733,765,3.0887594851714177
764,765,734,795,3.0972386546599475
734,765,764,735,3.1326233782139137
735,765,734,766,3.0808296460513116
765,766,735,796,3.1139179334153293
735,766,765,736,3.1064338665062636
736,766,735,767,3.0943007147546426
766,767,736,797,3.1120866690995546
736,767,766,737,3.0995705440096293
737,767,736,768,3.1046647769678164
767,768,737,798,3.0802071888438487
737,768,767,738,3.0818596755566596
738,768,737,769,3.13213853324783
768,769,738,799,3.081741808632947
738,769,768,739,3.104720340973393
739,769,738,770,3.0830084808236347
769,770,739,800,3.129645700408962
739,770,769,740,3.109204107905417
740,770,739,771,3.0973334027333377
770,771,740,801,3.1354450329795807
740,771,770,741,3.1365971410508466
741,771,740,772,3.119047109831961
771,772,741,802,3.1365035755383204
741,772,771,742,3.1365570113916013
742,772,741,773,3.1310529059521524
772,773,742,803,3.1181629058854576
742,773,772,743,3.097581900010033
743,773,742,774,3.026702350686556
773,774,743,804,3.118278096350634
745,775,744,776,2.724234426917617
775,776,745,806,3.112096148526992
745,776,775,746,3.096690009625561
746,776,745,777,2.808981162925738
776,777,746,807,3.0913455565344257
746,777,776,747,3.081558415501128
747,777,746,778,3.1112875180244535
777,778,747,808,2.8570371947324276
747,778,777,748,2.975161983754222
748,778,747,779,2.664256232937177
778,779,748,809,2.860019286894146
748,779,778,749,2.924160407986966
749,779,748,780,2.342036130656606
779,780,749,810,3.002591583206216
749,780,779,750,3.0274956129711637
750,780,749,781,1.5241409672041557
780,781,750,811,2.992517862975289
750,781,780,751,2.937263820364857
751,781,750,782,2.7899269046728117
781,782,751,812,3.1005967747238397
751,782,781,752,3.1340596455893808
752,782,751,783,2.92725241875562
782,783,752,813,2.9792439526205667
752,783,782,753,3.1095846037326766
753,783,752,784,3.024949791911855
783,784,753,814,3.046799723201026
753,784,783,754,2.784465234821529
754,784,753,785,2.611824116012014
784,785,754,815,2.850010125251078
754,785,784,755,1.9424682258809618
755,785,754,786,2.7067455939079736
785,786,755,816,2.936813783273216
755,786,785,756,2.351087881782078
756,786,755,787,3.112334618291682
786,787,756,817,3.1241536679693174
756,787,786,757,3.0248998085848795
757,787,756,788,2.8901323292660175
787,788,757,818,2.937351546543946
757,788,787,758,2.9768303978411454
758,788,757,789,2.3526516779176614
788,789,758,819,2.949163828164619
758,789,788,759,2.816285107215238
759,789,758,790,2.0640505678554546
789,790,759,820,2.898578032442543
759,790,789,760,3.1173637600026924
760,790,759,791,2.544130092114256
790,791,760,821,2.8955555846166092
760,791,790,761,1.9367130468454783
761,791,760,792,2.9027235203628745
791,792,761,822,2.926807972339453
761,792,791,762,2.5661615426747693
762,792,761,793,2.981183779529796
792,793,762,823,2.9868935371027803
762,793,792,763,2.6020292294891996
763,793,762,794,3.0558574008831436
793,794,763,824,3.042999921778297
763,794,793,764,2.824366229492168
764,794,763,795,3.055867050471599
794,795,764,825,3.0677216338031035
764,795,794,765,2.9233698440130462
765,795,764,796,3.0571749895602665
795,796,765,826,3.0688222028986476
765,796,795,766,3.1169370551992466
766,796,765,797,3.0917104503374926
796,797,766,827,3.126603615939172
766,797,796,767,3.1082361097202056
767,797,766,798,3.0594064409887434
797,798,767,828,3.1333709031913695
767,798,797,768,3.067485133541437
768,798,767,799,3.1302736338811936
798,799,768,829,3.1355225769816357
768,799,798,769,3.0832747332174133
769,799,768,800,3.014200596556706
799,800,769,830,3.0969110924118652
769,800,799,770,3.1284493694734543
770,800,769,801,3.0769804869359607
800,801,770,831,3.105543202675153
770,801,800,771,3.094899304422964
771,801,770,802,3.1226537341090785
801,802,771,832,3.1059993711152716
771,802,801,772,3.135946702298879
772,802,771,803,3.0982897968197967
802,803,772,833,3.1113849249701837
772,803,802,773,3.1178195713615526
773,803,772,804,3.02686590853607
803,804,773,834,3.0964271939240544
773,804,803,774,3.0974349611496335
774,804,773,805,3.072832797802964
804,805,774,835,3.105884176299931
776,806,775,807,2.918394812634626
806,807,776,837,2.894777550272858
776,807,806,777,3.020542944287464
777,807,776,808,2.839331568655267
807,808,777,838,2.85567572631963
777,808,807,778,2.964659943890671
778,808,777,809,2.6680960505849503
808,809,778,839,2.9527770735504806
778,809,808,779,2.978783737731924
779,809,778,810,2.5553066230883243
809,810,779,840,3.0617881295238365
779,810,809,780,3.0868625303120045
780,810,779,811,1.927801033109575
810,811,780,841,3.043707908930557
780,811,810,781,2.9729225657867504
781,811,780,812,2.6360199728740326
811,812,781,842,3.0493305185935364
781,812,811,782,3.0453862715606133
782,812,781,813,3.0981624586529
812,813,782,843,3.112550017939885
782,813,812,783,3.015792714098307
783,813,782,814,2.9299339761750876
813,814,783,844,3.0619526058603994
783,814,813,784,3.043540903991394
784,814,783,815,3.1263900030200236
814,815,784,845,3.083884387660622
784,815,814,785,2.4024973361548665
785,815,784,816,2.594438087590346
815,816,785,846,2.8329323518819667
785,816,815,786,2.019015929100855
786,816,785,817,2.84914037032516
816,817,786,847,2.9961581300334754
786,817,816,787,2.578093826328828
787,817,786,818,3.1304139510975806
817,818,787,848,3.0846328163289725
787,818,817,788,2.840676349580507
788,818,787,819,2.9139032108430176
818,819,788,849,2.953313245870772
788,819,818,789,2.9086344814637397
789,819,788,820,2.143426580032469
819,820,789,850,2.983288276169282
789,820,819,790,2.7577269238246886
790,820,789,821,3.0601116203176013
820,821,790,851,3.0232114121445215
790,821,820,791,2.6455167859697544
791,821,790,822,2.7394307355386913
821,822,791,852,2.93900511465789
791,822,821,792,2.3844910512212096
792,822,791,823,2.889175831216693
822,823,792,853,2.8793177697206835
792,823,822,793,2.503927247439285
793,823,792,824,2.9726229393002233
823,824,793,854,2.966495460169151
793,824,823,794,2.5439822104108734
794,824,793,825,3.0208836588895203
824,825,794,855,3.016419383007449
794,825,824,795,2.7993776349447166
795,825,794,826,3.055618288195628
825,826,795,856,3.0605101499148915
795,826,825,796,2.9222472042891514
796,826,795,827,3.0683946877838206
826,827,796,857,3.0804456526723265
796,827,826,797,3.0305753700073526
797,827,796,828,3.0302495415812682
827,828,797,858,3.115249047293677
797,828,827,798,3.1282786742624316
798,828,797,829,3.1261663917738245
828,829,798,859,3.128488830277769
798,829,828,799,3.07061999208067
799,829,798,830,3.0716971940699467
829,830,799,860,3.1225349441642036
799,830,829,800,3.0427337595396073
800,830,799,831,3.06473797018512
830,831,800,861,3.0633919730943604
800,831,830,801,3.120203604511044
801,831,800,832,3.1219893525114855
831,832,801,862,3.061976916771245
801,832,831,802,3.094414210096077
802,832,801,833,3.1059370462837355
832,833,802,863,3.12742016712171
802,833,832,803,3.1358362230890955
803,833,802,834,3.131269448813412
833,834,803,864,3.1148236467475554
803,834,833,804,3.089998299358521
804,834,803,835,3.059321948241739
834,835,804,865,3.123663701276895
804,835,834,805,3.1069223394653815
805,835,804,836,2.780876149178908
835,836,805,866,3.03709472178868
807,837,806,838,2.7827167948312583
837,838,807,868,2.8902221759990208
807,838,837,808,2.97814628657258
808,838,807,839,2.8094158540802687
838,839,808,869,3.0272620386714695
808,839,838,809,3.07081452691343
809,839,808,840,2.714690089136976
839,840,809,870,3.0500342136196315
809,840,839,810,3.0964522846898843
810,840,809,841,2.177202759387801
840,841,810,871,3.041682447170956
810,841,840,811,3.021334032908254
811,841,810,842,2.625096451775224
841,842,811,872,2.9808880827009068
811,842,841,812,2.981656109225867
812,842,811,843,3.00883095717798
842,843,812,873,3.119681675439478
812,843,842,813,3.1082337816842363
813,843,812,844,2.778613203109618
843,844,813,874,3.1274442741029262
813,844,843,814,3.1212820490739945
814,844,813,845,3.124418205955048
844,845,814,875,3.0848313064216786
814,845,844,815,3.065499069677357
815,845,814,846,2.917608869682171
845,846,815,876,3.0248425908333014
815,846,845,816,2.1801716611779134
816,846,815,847,2.6347378715242735
846,847,816,877,2.8408172006755614
816,847,846,817,2.1663201254434474
817,847,816,848,2.847745829305845
847,848,817,878,2.989948719402396
817,848,847,818,2.7779113119544174
818,848,817,849,3.0210157484050995
848,849,818,879,3.035793403643028
818,849,848,819,3.0855912330421225
819,849,818,850,2.1177909178116483
849,850,819,880,2.9794899544174904
819,850,849,820,2.918592969965193
820,850,819,851,2.673014552777702
850,851,820,881,2.9133389757092063
820,851,850,821,3.0297337459575644
821,851,820,852,2.847650815163366
851,852,821,882,2.8645325678256426
821,852,851,822,2.5722697252034865
822,852,821,853,2.7331229878344
852,853,822,883,3.0964039498759277
822,853,852,823,2.84740242118039
823,853,822,854,2.8372434724111666
853,854,823,884,3.0877510715700303
823,854,853,824,2.4119874589241665
824,854,823,855,2.9456352356089774
854,855,824,885,2.993144415459658
824,855,854,825,2.491660584953982
825,855,824,856,2.9923875466361545
855,856,825,886,3.004732903004372
825,856,855,826,2.7545804683970423
826,856,825,857,3.039453432812006
856,857,826,887,3.0459311435439287
826,857,856,827,2.9018698349202174
827,857,826,858,3.128990534991267
857,858,827,888,3.1247180389353324
827,858,857,828,2.9437681841168613
828,858,827,859,3.134626445443651
858,859,828,889,3.135986002163822
828,859,858,829,3.1363974095707965
829,859,828,860,3.1142163067257584
859,860,829,890,3.1302562848483353
829,860,859,830,3.040458750117084
830,860,829,861,3.132745464794051
860,861,830,891,3.135445293354182
830,861,860,831,2.983403461346923
831,861,830,862,3.1239095211290677
861,862,831,892,3.135501970956831
831,862,861,832,3.1215717695492122
832,862,831,863,3.0830393792244055
862,863,832,893,3.136595006365747
832,863,862,833,3.0283808606974136
833,863,832,864,3.094438117457632
863,864,833,894,3.097282630990272
833,864,863,834,3.098905684430927
834,864,833,865,3.0463868398024827
864,865,834,895,3.1349101593212056
834,865,864,835,3.09915179523784
835,865,834,866,2.9028923941197338
865,866,835,896,3.0736020829864725
835,866,865,836,3.0215627289400984
836,866,835,867,2.904857459934947
866,867,836,897,3.038313493060837
838,868,837,869,3.004802348638287
868,869,838,899,3.061234481628007
838,869,868,839,3.1190446841372803
839,869,838,870,2.7487598035816014
869,870,839,900,3.0541784980206743
839,870,869,840,3.0968561781206607
840,870,839,871,2.440852206876429
870,871,840,901,3.040100267072936
840,871,870,841,3.004587518761529
841,871,840,872,2.703722038528318
871,872,841,902,3.0113533232112117
841,872,871,842,2.9694234720116386
842,872,841,873,2.812886715699242
872,873,842,903,3.1258785932633915
842,873,872,843,3.11865930023346
843,873,842,874,2.767100841397138
873,874,843,904,3.127194799473414
843,874,873,844,3.116366709318906
844,874,843,875,3.059180835279357
874,875,844,905,3.1112787405062807
844,875,874,845,3.09145754997074
845,875,844,876,3.0032510687220757
875,876,845,906,3.116868494174448
845,876,875,846,3.0050541881215658
846,876,845,877,2.8475326036443764
876,877,846,907,2.9939427263905722
846,877,876,847,2.035937730084894
847,877,846,878,2.647846175942161
877,878,847,908,2.8332717449254345
847,878,877,848,2.3052700673027244
848,878,847,879,2.90197696457692
878,879,848,909,3.050335707667796
848,879,878,849,3.0318421165128453
849,879,848,880,2.494643852406778
879,880,849,910,2.9515853036685105
849,880,879,850,2.930856623092954
850,880,849,881,2.1229010143363927
880,881,850,911,3.020086019334761
850,881,880,851,2.9777177064576006
851,881,850,882,2.9170206756468944
881,882,851,912,3.102998308618972
851,882,881,852,3.0786713085300392
852,882,851,883,2.428401209415274
882,883,852,913,3.0583358722604603
852,883,882,853,2.779024077479521
853,883,852,884,2.9818024673198087
883,884,853,914,2.863909272276942
853,884,883,854,2.9496153836317056
854,884,853,885,3.080703721128761
884,885,854,915,2.892072068502926
854,885,884,855,2.507607498837567
855,885,854,886,2.9736601441544517
885,886,855,916,2.978333632597134
855,886,885,856,2.479138179944735
856,886,855,887,2.980083632666253
886,887,856,917,2.9981973164156748
856,887,886,857,2.7126450959460824
857,887,856,888,3.0163901591699935
887,888,857,918,3.0250631685279714
857,888,887,858,2.8217854895073344
858,888,857,889,3.1191548686131267
888,889,858,919,3.1192254422380263
858,889,888,859,2.9248821913440795
859,889,858,890,3.1035392630995164
889,890,859,920,3.053055205334747
859,890,889,860,3.133597070400204
860,890,859,891,3.1144979370441868
890,891,860,921,3.09282090538068
860,891,890,861,3.0267947194933154
861,891,860,892,3.123811539177609
891,892,861,922,3.1255592431648993
861,892,891,862,2.9834757432532912
862,892,861,893,3.0781504061344918
892,893,862,923,3.083546260182108
862,893,892,863,3.118225434697975
863,893,862,894,3.125597695648975
893,894,863,924,3.10515584242515
863,894,893,864,3.0722322081359894
864,894,863,895,3.1021684745477
894,895,864,925,3.134994532201234
864,895,894,865,3.059442690120257
865,895,864,896,3.0038830676224864
895,896,865,926,3.087302846936744
865,896,895,866,3.0283701686839275
866,896,865,897,2.9541191522019594
896,897,866,927,3.0562815256011575
866,897,896,867,2.987012066788592
867,897,866,898,3.0358461239261425
897,898,867,928,3.1229630553937944
869,899,868,900,2.738142498473619
899,900,869,930,3.088594528278282
869,900,899,870,3.1111608916162736
870,900,869,901,2.7033602861354797
900,901,870,931,3.0886259103876803
870,901,900,871,3.0030438102362393
871,901,870,902,2.7399909378395924
901,902,871,932,3.0162227771231063
871,902,901,872,2.9809258352199506
872,902,871,903,2.6517405552285713
902,903,872,933,3.093855108195086
872,903,902,873,3.0822218095508016
873,903,872,904,2.726107427954235
903,904,873,934,3.103712249232327
873,904,903,874,3.1329087342232103
874,904,873,905,3.035614217450731
904,905,874,935,3.080983575536649
874,905,904,875,3.132373555097916
875,905,874,906,2.926253132688393
905,906,875,936,3.135090772852753
875,906,905,876,3.1346732402696036
876,906,875,907,3.0882066108088453
906,907,876,937,3.0703172725629075
876,907,906,877,2.835378991454483
877,907,876,908,2.8229255756041405
907,908,877,938,2.9625359522149797
877,908,907,878,1.9177130076316038
878,908,877,909,2.617154525546718
908,909,878,939,2.809118797459122
878,909,908,879,2.503034650598304
879,909,878,910,2.6350521635094517
909,910,879,940,2.958014545045725
879,910,909,880,2.9332882883439115
880,910,879,911,2.047903856220413
910,911,880,941,3.131964602599936
880,911,910,881,2.971344242324349
881,911,880,912,3.0328471940313997
911,912,881,942,2.9023518000397073
881,912,911,882,2.8964319849812536
882,912,881,913,2.60243790910426
912,913,882,943,3.076839725667968
882,913,912,883,3.080152929977288
883,913,882,914,2.7899041272153595
913,914,883,944,3.1104071741711463
883,914,913,884,3.136383498984306
884,914,883,915,3.0418790501144706
914,915,884,945,3.081610820542655
884,915,914,885,2.9211989946987993
885,915,884,916,2.849195451647258
915,916,885,946,3.0064294981822264
885,916,915,886,2.420949825217543
886,916,885,917,2.951637962896778
916,917,886,947,2.976830044297245
886,917,916,887,2.4591745233484676
887,917,886,918,2.977777207958197
917,918,887,948,2.9958312403607015
887,918,917,888,2.685310747727378
888,918,887,919,2.9831065610355147
918,919,888,949,2.9913365569287453
888,919,918,889,2.7255559168777115
889,919,888,920,3.0851905763545386
919,920,889,950,3.120788691256429
889,920,919,890,2.9912836087486045
890,920,889,921,3.111471893012705
920,921,890,951,3.136088161853707
890,921,920,891,3.0953148972431115
891,921,890,922,3.034324704033152
921,922,891,952,3.1014752795284077
891,922,921,892,3.0904241132894303
892,922,891,923,3.1011361901482077
922,923,892,953,3.078277291554785
892,923,922,893,2.9103876416579295
893,923,892,924,3.125153545167571
923,924,893,954,3.1362851742605047
893,924,923,894,3.096694422571803
894,924,893,925,3.122721782606291
924,925,894,955,3.096113013497699
894,925,924,895,3.0318259274710586
895,925,894,926,3.0736870702210015
925,926,895,956,3.0771500260695377
895,926,925,896,3.010192367741346
896,926,895,927,2.9974036540078237
926,927,896,957,3.0985908602648697
896,927,926,897,2.9980495428359277
897,927,896,928,2.9415545853398433
927,928,897,958,3.059213406258598
897,928,927,898,3.0534560844838223
898,928,897,929,3.108675312231434
928,929,898,959,3.1277036808967984
900,930,899,931,2.7027795270713533
900,931,930,901,3.1104422458666945
901,931,900,932,2.841216319620017
901,932,931,902,2.932033890542106
902,932,901,933,2.5433310826760183
902,933,932,903,3.0567042295585427
903,933,902,934,2.710982744905694
903,934,933,904,3.093520197562059
904,934,903,935,2.896740870203325
904,935,934,905,3.035954727150338
905,935,904,936,2.834772151862725
905,936,935,906,3.0691973684484313
906,936,905,937,2.993465700835067
906,937,936,907,3.0696186688267413
907,937,906,938,3.1117799141644986
907,938,937,908,2.5902251717297102
908,938,907,939,2.783374247389231
908,939,938,909,1.805969733342929
909,939,908,940,2.4538090179941388
909,940,939,910,2.624342782430879
910,940,909,941,1.7972136465512254
910,941,940,911,3.097995466665733
911,941,910,942,2.92184661322272
911,942,941,912,3.0796643296489528
912,942,911,943,2.180390611231281
912,943,942,913,3.0937592403845637
913,943,912,944,2.8375319180864556
913,944,943,914,3.046683104450172
914,944,913,945,2.912308594241589
914,945,944,915,3.046829526861226
915,945,914,946,3.1249198017870783
915,946,945,916,3.1159497961496196
916,946,915,947,2.991517241312413
916,947,946,917,2.4491552447725837
917,947,916,948,2.9484217618905757
917,948,947,918,2.4387496006756386
918,948,917,949,2.9895632338875235
918,949,948,919,2.6896889645222104
919,949,918,950,2.9536675244880164
919,950,949,920,2.553483344375237
920,950,919,951,3.134999965495492
920,951,950,921,3.0091885523326467
921,951,920,952,2.9812059938828486
921,952,951,922,3.0577756673803096
922,952,921,953,3.1328150344996075
922,953,952,923,3.11345256590864
923,953,922,954,3.065249311369877
923,954,953,924,2.8454867166322373
924,954,923,955,3.056795806864701
924,955,954,925,3.049846369044188
925,955,924,956,3.100593448681172
925,956,955,926,3.0126720176532227
926,956,925,957,2.967313059583907
926,957,956,927,3.031337658007176
927,957,926,958,2.9967212325576624
927,958,957,928,2.959276445656191
928,958,927,959,3.0111974232600116
928,959,958,929,3.122010649784735
929,959,928,960,2.9908622730360075
